"","Sample_ID","CentroidX","CentroidY","Mass","Width","Orientation2","Orientation9","LeafArea","Leaf.Hue","Class"
"1",1,150.89985,256.3507449,0.480333761,226,0.140673395,0.07416232,10257,61.02,"A"
"2",2,174.2380221,244.7632742,0.34487731,169,0.121182557,0.073780372,6977,59.61,"A"
"3",3,158.4149628,236.9010665,0.389815258,264,0.127667449,0.059439416,10115,64.96,"A"
"5",5,169.5171671,247.9946612,0.319893931,221,0.113706349,0.069935837,8171,55.64,"A"
"6",6,159.2906973,271.4112128,0.313119258,142,0.125038532,0.121333736,6663,65.67,"A"
"7",7,151.1185,256.7095,0.3347,226.7214678,0.140829645,0.074084165,10277.94402,61.10877879,"A"
"8",8,174.4604,244.464,0.3464,171.5732327,0.121121025,0.0739398,6952.951853,59.48861913,"A"
"9",9,157.992,236.7021,0.4636,266.5964501,0.127666594,0.059339535,10092.69482,65.04218511,"A"
"10",10,132.9763,279.3778,0.3293,203.747013,0.120672301,0.082730328,8704.823872,57.82033084,"A"
"11",11,169.491,248.1825,0.1499,220.8300635,0.113669108,0.069931102,8171.374621,55.56147589,"A"
"12",12,159.0735,271.7975,0.2653,140.3787704,0.124929468,0.121500687,6645.045753,65.51020696,"A"
"19",19,149.8803,255.4721,0.478643155,227.4097963,0.140514086,0.074059457,10257.10664,61.15288686,"A"
"20",20,174.678,243.6311,0.349292798,167.0820422,0.121288892,0.073765073,6951.095383,59.77834743,"A"
"21",21,158.9423,235.0898,0.389078016,263.2983494,0.127897718,0.059412954,10107.45701,64.97682427,"A"
"22",22,131.7145,275.841,0.306317404,204.2761539,0.120633301,0.082868327,8704.858216,57.89995781,"A"
"23",23,169.2882,248.8584,0.322014947,221.8647636,0.113726571,0.069909428,8181.055003,55.36807374,"A"
"24",24,158.8802,274.4685,0.313175052,138.4759639,0.125176133,0.121366286,6660.386735,65.41437173,"A"
"25",25,150.6922,255.381,0.483413743,223.9829912,0.140601413,0.07430213,10235.86342,60.92018467,"A"
"26",26,173.2467,245.7259,0.346829509,171.4041245,0.121165303,0.073744677,6971.554163,59.59262179,"A"
"27",27,156.8202,236.78,0.388640449,266.2279408,0.127606021,0.059345023,10127.28865,65.43099197,"A"
"28",28,132.4465,281.1018,0.308267248,203.718037,0.120660912,0.082720795,8697.370292,57.67572334,"A"
"29",29,169.293,245.8422,0.323048723,219.0300897,0.113753583,0.070013496,8165.369719,55.75193316,"A"
"30",30,158.7481,271.6271,0.313189403,138.5005265,0.12500122,0.121475939,6682.718006,65.58109626,"A"
"31",31,151.0238,253.88,0.480524696,224.5268363,0.140715471,0.074137767,10270.74501,60.93295818,"A"
"32",32,175.2136,244.792,0.345948259,167.7618546,0.121167812,0.073714464,6996.223527,59.30867309,"A"
"33",33,158.1575,236.25,0.389227549,259.5461592,0.12771487,0.059420457,10110.5351,64.97357968,"A"
"34",34,134.7399,275.8881,0.313463399,201.8595505,0.120570026,0.082873403,8640.206085,57.65889068,"A"
"35",35,168.28,245.9639,0.318990619,218.6957519,0.113692858,0.069889539,8168.357456,55.81706172,"A"
"36",36,158.9092,270.9223,0.31569449,145.2834911,0.125056551,0.12135536,6668.646122,65.47642244,"A"
"37",37,150.1849698,255.6256565,0.479547624,225.9690295,0.140449253,0.074285698,10286.64801,61.143683,"A"
"39",39,157.9638487,237.6074772,0.391077341,260.3303757,0.127744055,0.059289973,10096.34387,65.12394249,"A"
"40",40,134.1110547,278.8182795,0.30828073,206.0317908,0.120693802,0.08291209,8711.248239,57.83028565,"A"
"41",41,170.0728379,248.7986241,0.319178941,216.3595586,0.113697144,0.070003114,8177.529161,55.63221001,"A"
"42",42,157.9882945,271.4039721,0.311496674,142.537683,0.124988,0.121456567,6638.498808,65.56549057,"A"
"43",43,152.7884359,257.2782286,0.480820301,224.6637449,0.140622575,0.074167147,10270.8712,60.83874819,"A"
"44",44,174.5226477,246.1232783,0.346803098,164.7989761,0.121183698,0.073841258,7005.71461,59.59680536,"A"
"45",45,158.2659699,237.1313425,0.388183184,263.4738561,0.127585325,0.059449452,10116.48186,65.04086111,"A"
"46",46,132.9108863,279.1959627,0.313460675,204.9896559,0.120768101,0.082767847,8738.324715,57.59564688,"A"
"47",47,170.4918368,246.3678342,0.318411957,222.734155,0.113694855,0.070075617,8135.464719,55.32068534,"A"
"48",48,158.3965279,269.8901199,0.311403035,142.4289937,0.125238341,0.121204213,6724.157864,65.49313532,"A"
"49",49,149.0621484,255.5984871,0.481075277,227.6978481,0.140674865,0.074097631,10305.89697,61.5042456,"A"
"50",50,174.4973547,244.0351952,0.347401368,170.5647999,0.121236003,0.07399679,6962.96501,59.50265456,"A"
"51",51,158.6689452,234.8831083,0.390370281,263.496713,0.127487899,0.059459377,10096.15224,64.94662253,"A"
"52",52,132.6258957,280.4240819,0.311160481,196.8212596,0.12052766,0.082765809,8699.198382,57.89346878,"A"
"53",53,170.6750855,248.2217074,0.321332007,221.9488914,0.113780832,0.070174223,8213.352937,55.80115054,"A"
"54",54,158.8183519,272.7128712,0.314772003,143.8404555,0.124956815,0.121359878,6675.813356,65.58960841,"A"
"55",55,149.3120492,254.3388824,0.478379936,227.5102535,0.140702027,0.074323965,10195.07669,61.05478022,"A"
"56",56,171.5150516,245.9692346,0.345031328,172.8039682,0.120968883,0.073592381,6997.857635,59.55286619,"A"
"57",57,157.908828,238.0708597,0.388864676,266.7072446,0.127573738,0.059562141,10125.11373,65.02064976,"A"
"58",58,133.6834672,279.1764948,0.30962817,204.7368891,0.120728834,0.082852989,8654.399537,57.85317238,"A"
"59",59,168.6063485,247.503876,0.324214704,222.7679325,0.113634272,0.069873177,8181.62306,55.70407796,"A"
"60",60,159.9409064,271.5967635,0.311907653,143.4290555,0.125144153,0.121412043,6699.827065,66.08098185,"A"
"61",61,150.7811474,254.1187768,0.480266909,228.1313077,0.140526979,0.074480658,10226.08429,61.16648106,"A"
"62",62,174.1636948,243.4937344,0.343398526,171.9789857,0.121254415,0.073875766,6946.130181,59.52316104,"A"
"63",63,157.3114148,236.4436396,0.388569249,262.9235939,0.127853579,0.059515934,10112.62368,64.91087399,"A"
"64",64,134.4395199,278.8943993,0.309689569,200.7945589,0.120555121,0.082891596,8662.917847,57.62355983,"A"
"65",65,170.2044286,247.0836167,0.320179978,217.5252416,0.113817144,0.069857976,8136.37048,55.56265504,"A"
"66",66,161.4792822,273.5316498,0.313988196,141.7712334,0.125017736,0.12140147,6632.960425,65.50474335,"A"
"67",67,150.8056866,258.1807523,0.479346719,224.7679333,0.140701538,0.074182222,10222.83136,61.21072237,"A"
"68",68,174.6495003,243.2915715,0.34382878,173.536701,0.121395233,0.073800259,6953.704784,59.56419294,"A"
"70",70,134.2759928,278.8552504,0.309384959,197.5977613,0.120512737,0.082890193,8648.34815,57.69751872,"A"
"71",71,170.9080521,248.4908178,0.320851474,221.4628321,0.113586939,0.069756373,8168.212263,55.754566,"A"
"72",72,158.8375284,271.7863182,0.315609539,141.6745571,0.124983766,0.121154748,6669.401722,66.06828911,"A"
"73",73,152.4646595,254.2547381,0.484900645,224.8227823,0.140716643,0.073919787,10240.69826,60.9880339,"A"
"74",74,176.7994204,242.5761901,0.347234322,168.7106924,0.121123193,0.07357184,6936.426437,59.76537353,"A"
"75",75,159.6672439,234.3329547,0.389777434,267.2363452,0.127691251,0.059571952,10145.03841,64.66057635,"A"
"76",76,132.4454335,278.0579375,0.310986615,198.8682301,0.120601915,0.082705393,8673.719494,57.64173124,"A"
"77",77,168.8493623,248.3520979,0.32526652,219.5244087,0.113859497,0.070215645,8172.876091,55.3485235,"A"
"78",78,159.8705091,273.5736132,0.316251128,144.7276996,0.12510223,0.121333474,6647.814585,65.57851432,"A"
"79",79,149.7746865,255.5798947,0.479355725,224.5076277,0.140645515,0.07417498,10251.61035,61.06251914,"A"
"80",80,171.4985614,245.3147871,0.345589,172.4110461,0.121253032,0.073884776,6981.129078,60.10701482,"A"
"81",81,154.5451961,237.1935779,0.388513977,263.8885079,0.12758789,0.059482547,10076.34269,65.03880157,"A"
"82",82,131.9747072,279.2129291,0.306407331,204.3413388,0.120794431,0.082656629,8726.567667,58.13941839,"A"
"83",83,168.4797753,247.5563743,0.317775669,226.9736887,0.11360623,0.06986662,8197.66426,55.46658158,"A"
"84",84,159.3188933,272.2589132,0.316053449,142.1747182,0.125197715,0.121131657,6629.747971,65.41159022,"A"
"85",85,149.9026069,253.2522062,0.480663919,221.477902,0.140700059,0.074085356,10268.07076,61.17381221,"A"
"86",86,175.0905051,245.1012198,0.343648942,163.4100699,0.121217328,0.073860495,6968.060963,59.81059181,"A"
"87",87,159.951272,237.2592436,0.38952935,263.8430072,0.127780348,0.059369725,10119.82864,64.92190637,"A"
"88",88,136.4305331,277.0867106,0.31046375,205.6228475,0.120702846,0.08287597,8668.993731,58.15761362,"A"
"89",89,168.1168449,246.7266058,0.320511239,224.1839436,0.113603523,0.069989255,8131.406341,55.36413017,"A"
"90",90,158.1351654,272.7092253,0.313831918,138.0912337,0.125099848,0.121281206,6686.645796,65.56670349,"A"
"91",91,150.2524451,256.6722176,0.478837113,228.5571089,0.140455678,0.074110549,10251.65583,61.20213329,"A"
"92",92,175.2627387,247.2103726,0.346362113,164.3168107,0.121235106,0.073822686,6961.609649,59.77293988,"A"
"93",93,159.2790016,237.5993175,0.395651626,263.6596247,0.127766848,0.059437068,10141.12135,64.84428143,"A"
"94",94,134.0016704,278.6991532,0.308480864,198.9273767,0.12053301,0.082659292,8654.540159,57.73468245,"A"
"95",95,167.6691511,247.6039488,0.321978541,221.2352032,0.113664622,0.069660374,8173.509471,55.80656919,"A"
"96",96,156.5659214,270.2018878,0.31182736,140.8962597,0.125048418,0.121305368,6649.632791,65.63090372,"A"
"97",97,154.5938714,258.3013845,0.48126705,226.6129436,0.140727141,0.07425621,10248.8361,61.05715102,"A"
"98",98,177.7308377,245.2747954,0.34765779,169.6765889,0.121331439,0.073653004,7002.252495,59.34966019,"A"
"99",99,158.9194597,238.7457509,0.390062526,265.5782419,0.127538082,0.059538272,10088.29976,64.93573012,"A"
"100",100,131.8442815,277.5201353,0.309183825,207.8066484,0.12068579,0.082865689,8698.511431,57.85801406,"A"
"101",101,170.752473,245.5711329,0.322919036,216.6753243,0.113843803,0.069869949,8163.366334,55.3369701,"A"
"102",102,157.0905675,270.2035538,0.312162816,143.7789132,0.125211851,0.121258983,6653.835269,65.71133127,"A"
"103",103,150.0779199,256.628343,0.486351686,227.7525449,0.140675186,0.07416258,10244.65978,61.24724527,"A"
"104",104,174.0946031,243.7793806,0.345708067,167.3515739,0.121173629,0.073631341,6968.512856,59.54022821,"A"
"105",105,159.5187795,235.7249392,0.388354854,263.6904201,0.127525355,0.059670643,10092.12741,64.93152571,"A"
"107",107,171.1012751,249.3835937,0.322643182,220.0167378,0.113660735,0.070101617,8137.816136,55.84535573,"A"
"108",108,160.1852878,270.3611155,0.314634379,142.7332136,0.125026304,0.121382556,6648.980285,66.01890304,"A"
"109",109,148.5204935,254.2073149,0.47978044,227.9081931,0.140603214,0.074187385,10204.67934,60.93521084,"A"
"110",110,172.5019013,244.1159491,0.342988467,165.3423015,0.121269977,0.073750276,6987.047823,59.27578467,"A"
"111",111,158.2387759,237.0795624,0.39171502,267.4377334,0.127730761,0.059459251,10106.56851,65.09046587,"A"
"112",112,133.4852703,279.7083672,0.315072737,203.0557895,0.120674618,0.082873164,8737.761593,57.83843394,"A"
"113",113,167.8834899,246.4794797,0.316090565,220.1001875,0.113853183,0.07007072,8174.162974,55.43337452,"A"
"114",114,160.8188728,271.8063769,0.314991932,139.4376509,0.125083832,0.121230337,6707.877762,65.60899687,"A"
"115",115,154.0577528,266.3292684,0.403529054,247,0.118503576,0.093590658,10364,62.98,"B"
"116",116,165.9256069,236.3331883,0.351824353,227,0.12073337,0.067722896,10121,57.55,"B"
"119",119,143.3845286,236.4488659,0.323219107,217,0.111708955,0.068728272,9554,62.9,"B"
"120",120,194.5696587,277.4186628,0.31216579,228,0.116751338,0.094119187,11355,62.11,"B"
"121",121,159.6017392,282.7825927,0.370900798,226,0.133989648,0.104742044,9509,68.11,"B"
"122",122,153.8596,266.5467,0.3766,247.585914,0.118396063,0.093453614,10329.4406,62.90065247,"B"
"123",123,166.2918,236.1605,0.5133,225.7813007,0.120552104,0.067432108,10135.5976,57.63138037,"B"
"124",124,176.8372,253.1719,0.4383,249.1317686,0.113047144,0.075283892,10526.74199,66.90781587,"B"
"125",125,171.2237,202.9773,0.2938,196.417901,0.114865494,0.064557433,8534.954345,59.37204129,"B"
"126",126,143.4459,236.1597,0.4398,220.7832055,0.111656496,0.068574363,9541.600383,62.96655766,"B"
"127",127,195.1442,277.9299,0.2192,229.5577855,0.116766945,0.094058542,11284.75394,62.18195011,"B"
"128",128,159.609,283.1232,0.3399,231.3682153,0.134013212,0.104657443,9482.095817,68.22782367,"B"
"133",133,143.3992,239.3303,0.319010357,216.1901217,0.111675695,0.068821105,9537.123133,62.98152636,"B"
"134",134,194.5897,276.9497,0.309654035,225.2993457,0.116709475,0.094122085,11378.6986,62.12682716,"B"
"135",135,159.5575,281.2346,0.372193584,228.8846779,0.133940223,0.104821151,9488.714336,68.19063288,"B"
"136",136,154.5929,269.7277,0.402733316,251.0468651,0.118560424,0.093729809,10313.12177,62.97004099,"B"
"137",137,164.9047,235.5809,0.352979968,225.3878214,0.12068105,0.067931906,10102.99621,57.71718507,"B"
"138",138,178.1727,253.323,0.358836759,248.1736068,0.112995112,0.075403952,10524.85719,67.53363434,"B"
"139",139,173.3867,201.9223,0.297421644,190.2780526,0.114971707,0.064449803,8555.123969,59.17703026,"B"
"140",140,143.0766,236.565,0.323467076,216.7133694,0.111647153,0.068598366,9539.662657,62.98804909,"B"
"141",141,194.5608,276.0143,0.311471159,227.7314622,0.11658346,0.094092206,11398.99026,62.11568338,"B"
"143",143,153.7921,268.3006,0.403943287,248.7052232,0.118762781,0.093395528,10374.75743,62.86398448,"B"
"144",144,164.815,235.5767,0.352605355,230.7837053,0.120543931,0.067748691,10147.48073,57.90403634,"B"
"145",145,177.6254,252.4382,0.355445749,246.6270037,0.112888887,0.075384235,10531.37971,67.1512371,"B"
"146",146,169.3723,201.2072,0.301281155,188.2267545,0.114738174,0.064655838,8573.267637,59.38256352,"B"
"147",147,143.5311,236.0228,0.328480771,220.7546623,0.111722451,0.068648267,9604.987058,62.71477775,"B"
"148",148,195.248,277.1122,0.306602962,227.8387598,0.116668741,0.094426456,11351.72833,62.17814227,"B"
"149",149,158.7411,282.9916,0.371343453,229.0793402,0.133850072,0.104752016,9516.726617,67.83204975,"B"
"150",150,154.1109,267.591,0.406107466,247.4074431,0.118564145,0.093527893,10367.65825,62.93648233,"B"
"151",151,163.9446,235.9827,0.350649111,227.1436199,0.120710325,0.06770422,10126.70181,57.72710492,"B"
"152",152,177.6418,253.7941,0.357812392,253.6564741,0.113034248,0.075319408,10480.89501,67.02413284,"B"
"153",153,171.656,201.2617,0.29912947,189.3576197,0.114967796,0.064594142,8542.006372,59.19249327,"B"
"154",154,143.4663,233.1514,0.327948269,217.8618708,0.111734448,0.068733304,9542.429816,63.16027708,"B"
"155",155,195.3754,277.5622,0.309942694,225.2341444,0.116765864,0.094121016,11344.92914,62.11829299,"B"
"156",156,160.6599,281.3287,0.367357714,224.3179303,0.134020366,0.104653463,9490.369371,68.74923926,"B"
"157",157,153.2371727,267.7652777,0.406525075,246.0948444,0.118535774,0.093573403,10322.61635,63.18187457,"B"
"158",158,164.5693476,236.0924826,0.348965168,223.9698735,0.12076319,0.067680117,10119.19339,57.35920954,"B"
"159",159,177.7244288,251.9388315,0.3604615,250.878008,0.112957283,0.075464085,10528.92628,67.0066791,"B"
"160",160,172.0076294,202.953869,0.297572374,194.8686397,0.114848965,0.064442894,8547.339944,59.3152013,"B"
"161",161,141.2634401,238.4734915,0.323214564,220.6895652,0.111747342,0.068620517,9567.49013,63.27180727,"B"
"162",162,192.0965354,275.8666749,0.314306868,228.3578241,0.116676698,0.09410064,11410.01887,61.99171453,"B"
"163",163,159.5493431,282.468277,0.372550494,227.5101917,0.133939139,0.104698056,9466.339161,67.90025355,"B"
"164",164,154.6424466,264.4338155,0.404732311,251.66789,0.118411607,0.093602199,10386.32776,62.91717335,"B"
"165",165,163.8958097,234.7193784,0.351678268,225.4634457,0.120670004,0.067558136,10078.81012,57.6351982,"B"
"166",166,176.9663434,253.192122,0.353304908,250.6772428,0.113041971,0.075367968,10519.08722,66.66582999,"B"
"167",167,170.3556137,200.539728,0.30125563,191.720617,0.114993826,0.06459242,8574.055017,59.46244125,"B"
"168",168,142.5377838,239.3619553,0.324773601,214.9400155,0.11166187,0.068713288,9533.575805,62.60797181,"B"
"169",169,194.9360919,278.3774916,0.315849915,227.0997339,0.116636549,0.094214459,11308.88376,62.01980068,"B"
"170",170,158.1425403,280.1009092,0.371560067,227.6931758,0.133827467,0.104626613,9525.767491,68.04246702,"B"
"171",171,152.9862071,268.2890076,0.400571369,245.0323575,0.118560844,0.093839479,10372.89294,62.55097827,"B"
"172",172,166.2835865,234.8582182,0.350311028,226.9557698,0.120831399,0.067867955,10103.05821,57.92234198,"B"
"173",173,177.6648851,254.2272604,0.356063271,248.845282,0.112945993,0.075056779,10520.04507,67.31300088,"B"
"174",174,171.2949933,202.6176807,0.295274504,198.4480896,0.114999903,0.064376585,8589.316134,59.18588138,"B"
"175",175,144.4170798,237.6346375,0.320084463,216.9200777,0.111694218,0.068514275,9609.39377,62.81013804,"B"
"176",176,192.600822,278.8553145,0.312965493,228.533137,0.116793184,0.093997535,11343.36337,61.83791842,"B"
"177",177,158.2075991,283.8467233,0.371703327,223.2605311,0.13386071,0.104762859,9486.964409,68.13379115,"B"
"178",178,154.758526,268.4109627,0.405509099,248.9608233,0.118590499,0.093697208,10352.61138,62.69393003,"B"
"179",179,167.2105857,238.0829575,0.351909028,225.0918575,0.111725763,0.067693664,10107.72806,57.76307094,"B"
"180",180,178.351738,252.8116639,0.356922725,252.1783832,0.113031052,0.075444568,10475.15764,67.39081879,"B"
"181",181,170.6836844,202.8526554,0.294592112,190.8664252,0.115007641,0.064778971,8589.607248,59.29862207,"B"
"182",182,142.273232,234.9956102,0.325501578,218.617765,0.111725763,0.068858291,9519.184545,62.57221357,"B"
"183",183,194.6324193,277.9384006,0.312511308,225.8236817,0.116723319,0.094284989,11349.46436,61.89729599,"B"
"184",184,158.7394412,283.7411382,0.369930328,223.4626699,0.134136724,0.104638664,9482.130368,68.23395938,"B"
"185",185,153.4999949,264.4506362,0.407185491,247.929303,0.118504276,0.093452169,10391.84413,62.98240327,"B"
"186",186,167.6750224,235.5227038,0.354857661,225.0570857,0.120781134,0.067958669,10151.16399,57.42936648,"B"
"187",187,174.1148764,251.9148956,0.354175379,250.1883221,0.11300764,0.075438107,10495.90136,66.96876884,"B"
"188",188,172.0516951,202.3624699,0.302774159,193.0681939,0.114989528,0.064331461,8537.395311,59.47700366,"B"
"189",189,143.9276218,235.295809,0.321015511,215.8713546,0.11164321,0.068777499,9571.474384,62.74531389,"B"
"190",190,194.6589588,278.5502633,0.317915074,230.0375305,0.116711094,0.094082355,11319.4794,62.16767537,"B"
"191",191,160.5107379,281.7731406,0.371346408,228.1342565,0.134018808,0.104798127,9536.327893,68.09629076,"B"
"192",192,153.846808,267.9681323,0.402712999,245.9135441,0.118586669,0.093660343,10334.98012,62.83931666,"B"
"193",193,166.8123215,236.5788098,0.355910523,229.2993177,0.120854537,0.067536991,10124.67979,57.47945858,"B"
"194",194,177.2559477,250.4558929,0.35880384,251.4801252,0.113045656,0.075334025,10516.78678,67.01071436,"B"
"195",195,173.081811,201.2084039,0.301573595,194.9828239,0.115024995,0.064618961,8544.098514,59.26421018,"B"
"196",196,142.5085826,239.9818629,0.321027358,216.2759124,0.11193861,0.068657254,9489.339963,62.81825629,"B"
"197",197,195.2013852,277.3470329,0.308077924,228.9153223,0.116762885,0.094053508,11381.34231,62.1538029,"B"
"198",198,159.9314267,280.016683,0.371631853,225.238386,0.134045931,0.104934536,9519.357993,68.44926235,"B"
"199",199,156.0549837,269.1464408,0.400558723,249.2118466,0.118525083,0.093705291,10387.44092,63.14398307,"B"
"200",200,165.0882916,236.5073137,0.352237378,225.7044352,0.120866296,0.067680122,10067.45883,57.74552299,"B"
"201",201,180.6731325,251.6167405,0.359233374,249.4592812,0.113268969,0.07525032,10527.41646,67.32529575,"B"
"202",202,174.256393,202.7355611,0.295414433,193.5926755,0.114957557,0.06471206,8509.456842,59.66403096,"B"
"203",203,142.9338061,234.8385574,0.323864582,216.2799799,0.111631097,0.068628028,9512.680816,62.81268098,"B"
"204",204,195.0418693,275.8446142,0.312013374,221.6121972,0.116926344,0.093895867,11344.57949,61.88873577,"B"
"205",205,161.53748,277.4795543,0.371545607,224.882777,0.134010449,0.104552922,9467.395501,67.61563354,"B"
"206",206,151.843453,266.2689762,0.402600787,250.90756,0.118666078,0.093587205,10322.50694,62.90460361,"B"
"207",207,164.5449572,236.9475104,0.351488541,224.1960739,0.120449915,0.06759995,10163.07824,57.38107567,"B"
"208",208,175.6735313,251.6762205,0.357523227,254.7670808,0.112997364,0.075354988,10511.9506,67.05596229,"B"
"209",209,171.7191983,201.5991254,0.30147778,190.8405976,0.114933291,0.064501813,8514.734691,59.41496736,"B"
"210",210,143.3794083,236.307402,0.323559871,216.8290356,0.111879542,0.068693764,9587.777812,62.89436476,"B"
"211",211,196.8381657,275.973336,0.311587803,227.1454961,0.116797718,0.093965995,11359.51391,61.92257603,"B"
"212",212,159.3829495,279.280895,0.368994654,222.9955794,0.134006068,0.104695656,9525.987135,68.38274346,"B"
"213",213,152.1389036,269.9916696,0.405967525,247.0974756,0.118649394,0.093450743,10311.71432,62.91730013,"B"
"214",214,164.815854,233.5217806,0.351055425,229.0990822,0.120624144,0.067623474,10129.36312,57.42967731,"B"
"215",215,177.6714248,251.4874764,0.357646384,252.5461115,0.113178756,0.075480469,10489.95055,67.05012712,"B"
"216",216,170.1286265,200.0652054,0.297463152,198.0804926,0.115123332,0.064619782,8566.215253,59.15792686,"B"
"217",217,143.0324141,230.560459,0.319062455,221.1472026,0.11166375,0.068628373,9569.700168,63.05882687,"B"
"218",218,193.0029358,277.0991074,0.310886928,230.2387653,0.116812447,0.094233977,11353.29721,62.10352678,"B"
"219",219,161.2175168,280.8924506,0.374071426,222.2757312,0.134007419,0.10462767,9534.267681,67.7061394,"B"
"220",220,153.5206922,266.5187527,0.401497794,242.6836828,0.118616974,0.093573653,10445.6082,63.21680635,"B"
"221",221,165.5993372,238.407076,0.349313722,228.6156608,0.120617334,0.067896929,10163.18358,57.29452007,"B"
"222",222,178.325015,251.6792235,0.358138871,251.5586435,0.113097192,0.075289984,10552.92458,67.23810966,"B"
"223",223,171.2131618,204.1734086,0.298920724,192.3831138,0.114874548,0.064612198,8551.223601,59.36683121,"B"
"224",224,144.1740106,238.9262825,0.325172717,218.3801146,0.111434264,0.068801422,9539.848402,63.05859258,"B"
"225",225,192.1903568,278.2778168,0.311740916,224.4853199,0.116533213,0.093950986,11374.63405,62.20220347,"B"
"226",226,160.6717548,283.6705175,0.368272663,222.7717425,0.133772415,0.104829265,9464.885534,68.27282504,"B"
"227",227,153.8472768,265.1462195,0.402233563,247.3551217,0.118522753,0.093592914,10396.17243,62.89910392,"B"
"228",228,163.0412563,235.3258134,0.353894838,226.9006829,0.120722319,0.067751743,10091.06305,57.68549315,"B"
"229",229,175.8857994,253.4404062,0.356864657,248.1878132,0.113156734,0.075242608,10492.54987,66.78508945,"B"
"230",230,170.8460421,200.2417136,0.297427654,193.6665896,0.11483072,0.064617218,8606.77525,59.4284378,"B"
"231",231,141.0913912,238.6108184,0.325138343,218.778786,0.11143653,0.068713673,9617.108504,62.78051894,"B"
"232",232,195.8013802,279.0005866,0.311090764,229.1143255,0.116801575,0.094019685,11387.24008,62.01821395,"B"
"233",233,159.1739395,279.599259,0.374231815,221.8020245,0.133941048,0.104621412,9495.396529,68.10737156,"B"
"234",234,150.4189041,270.3207056,0.405578702,242.3607472,0.11844403,0.093582839,10433.40624,62.75975473,"B"
"235",235,163.8619302,235.9559726,0.35289931,228.1989382,0.120782881,0.067612209,10077.53815,57.77979374,"B"
"236",236,175.2886595,254.3701108,0.353482328,251.2074223,0.113044424,0.075300861,10536.3179,67.11922498,"B"
"237",237,172.39546,201.1119473,0.297147251,193.9968954,0.114940322,0.064597712,8518.120326,59.32797838,"B"
"238",238,144.9425326,237.1191074,0.325588938,216.077252,0.111752214,0.068576577,9549.602079,63.28282626,"B"
"241",241,155.8599073,270.9759375,0.404473622,251.8559748,0.118423119,0.09360655,10463.19675,63.16859921,"B"
"242",242,167.8191901,239.1142706,0.349940381,227.8092792,0.120731889,0.067707563,10123.18311,57.49191223,"B"
"243",243,178.0407856,254.1569362,0.359002624,248.7212554,0.11300066,0.075321886,10493.79947,67.05308979,"B"
"244",244,171.8780318,205.9135658,0.296859964,192.1832481,0.114943589,0.064553895,8600.637835,59.03394775,"B"
"245",245,141.097175,236.5198797,0.319010357,216.5283689,0.111702875,0.068642093,9570.451506,62.80186885,"B"
"246",246,194.819732,278.4541962,0.309654035,231.2845157,0.11678828,0.09411996,11324.4588,62.17007723,"B"
"247",247,160.5503248,286.2715461,0.372193584,230.9955828,0.134042076,0.104777041,9562.240858,68.04519624,"B"
"249",249,151.5679091,245.4178985,0.336733987,184,0.124957986,0.057064568,10500,65.37,"C"
"250",250,185.5496269,248.7737704,0.326773899,164,0.105261836,0.074408866,9902,62.65,"C"
"252",252,182.9682153,274.8183561,0.383716758,220,0.124500139,0.068937052,9968,62.82,"C"
"254",254,138.3405841,278.6193529,0.438228661,238,0.125326473,0.076993852,14318,56.85,"C"
"255",255,152.9521569,292.2971858,0.4189583,254,0.13811865,0.103765437,9055,63.92,"C"
"256",256,158.5461,299.0715,0.5484,187.0018201,0.133538302,0.08967712,9703.639322,64.83519803,"C"
"257",257,151.2998,245.4193,0.4705,184.059316,0.124671891,0.057093885,10519.17662,64.93521423,"C"
"258",258,186.028,248.9313,0.3918,164.2491193,0.105155595,0.074543878,9902.789062,62.75662504,"C"
"259",259,125.537,190.4545,0.3197,205.2211315,0.113880721,0.059507988,9817.860428,61.99995511,"C"
"260",260,183.1197,274.7699,0.3315,221.3105639,0.124691054,0.06894284,9979.585373,63.19208269,"C"
"261",261,142.1053,234.532,0.3848,208.1533293,0.12902308,0.066533711,10748.18316,63.45401522,"C"
"262",262,138.5846,279.4444,0.3645,239.448983,0.125336654,0.076958791,14282.01004,57.13190095,"C"
"263",263,153.0634,292.5599,0.4701,255.6796495,0.138016695,0.103754969,9023.038535,63.80246831,"C"
"264",264,158.4327,298.5829,0.423612596,191.8944337,0.133432902,0.089639496,9736.37177,64.64312865,"C"
"265",265,151.5625,244.6781,0.338975945,178.0808565,0.124921848,0.056927981,10497.55578,65.44815457,"C"
"266",266,185.5147,248.2734,0.327871278,161.6383859,0.105396082,0.074399382,9909.75229,62.98169051,"C"
"267",267,125.5182,189.662,0.27883919,208.7650531,0.113878993,0.059569658,9794.833989,62.1493063,"C"
"268",268,183.0884,274.6196,0.379233953,219.9692374,0.124434235,0.069049314,9950.057695,62.73782253,"C"
"269",269,142.3528,234.2941,0.317777236,203.7722641,0.128969924,0.066607893,10714.50665,63.79513943,"C"
"270",270,138.3735,277.941,0.43741653,235.6783102,0.125378779,0.077025243,14332.96318,56.80166871,"C"
"271",271,152.8996,290.2757,0.418828869,252.9021776,0.138156585,0.103735668,9027.717864,63.97257911,"C"
"272",272,159.6779,298.8919,0.423758417,188.8049235,0.133549229,0.0896453,9697.16861,56.84374641,"C"
"273",273,152.0972,243.5453,0.338346979,179.6585384,0.125027306,0.057109105,10499.36666,56.84374641,"C"
"274",274,185.9522,245.8659,0.323710243,171.8760573,0.105417035,0.074271071,9959.782731,62.84628043,"C"
"275",275,125.0118,192.5643,0.278503279,204.9239031,0.113820188,0.059469767,9846.677365,61.76728754,"C"
"276",276,182.7335,274.4617,0.384049567,219.061427,0.124564195,0.069078358,9930.271258,62.77650282,"C"
"277",277,142.9992,235.8199,0.317930335,208.6996514,0.128775095,0.066696181,10763.49842,63.63690345,"C"
"278",278,140.0468,280.4421,0.434676783,238.9383365,0.125642819,0.076982263,14344.43563,56.84374641,"C"
"279",279,153.5284,289.722,0.418383169,253.9682672,0.138175851,0.103609762,9035.56243,64.15233562,"C"
"280",280,158.4001,297.5973,0.424808982,193.5765958,0.133524455,0.089608353,9707.504375,64.51759312,"C"
"281",281,151.8637,245.5441,0.33495448,180.8140627,0.124844593,0.056920403,10509.70956,65.40579794,"C"
"282",282,184.9265,247.8507,0.326974552,162.870867,0.105166906,0.074410789,9893.933809,62.53717204,"C"
"283",283,125.4875,188.3716,0.27640246,198.8170706,0.113853206,0.059742408,9780.691322,62.01066898,"C"
"284",284,183.386,273.5372,0.382375703,220.4697683,0.124514876,0.068977188,9918.850286,62.66692794,"C"
"285",285,141.4272,234.7708,0.320038017,212.0492633,0.128812831,0.066566635,10768.24683,63.94890666,"C"
"286",286,139.1873,284.076,0.440945092,238.1463736,0.125160767,0.076999167,14329.88495,56.81202697,"C"
"287",287,154.0619,297.5057,0.419457438,248.5095025,0.137958675,0.103928171,9047.241684,63.79133253,"C"
"288",288,159.2713,300.7399,0.423390203,191.6756858,0.133555781,0.089647972,9697.910568,64.76852238,"C"
"289",289,151.0926,248.07,0.334565922,186.3313085,0.124946661,0.057005474,10535.51464,65.29386521,"C"
"290",290,185.5024,248.2056,0.325456549,161.8126754,0.105257543,0.074435704,9939.827436,62.77520224,"C"
"291",291,125.8597,190.7585,0.276762102,202.4461898,0.113831077,0.059690716,9795.626974,61.96082607,"C"
"292",292,181.694,276.276,0.380814284,223.8129681,0.124499767,0.06889741,9955.848994,62.90040639,"C"
"293",293,141.3269,233.0396,0.320854466,206.7644129,0.128869935,0.066722899,10717.00793,63.78750811,"C"
"294",294,137.9077,278.5684,0.439170935,235.4061247,0.125293966,0.077031743,14312.38783,56.91114091,"C"
"295",295,153.0309,292.6963,0.422138836,253.9694122,0.138091412,0.103810458,9091.9342,64.01049387,"C"
"296",296,159.3622464,300.2507983,0.421931769,191.6355464,0.133451876,0.089575505,9678.33097,64.66956454,"C"
"297",297,151.7868417,242.9275442,0.338720865,187.8371829,0.124976027,0.056928122,10537.37046,65.52514521,"C"
"298",298,183.5473623,249.5849577,0.324136012,166.9558001,0.105325555,0.074406804,9907.743481,62.7005307,"C"
"299",299,123.4886575,189.9117676,0.279110017,201.0278524,0.113872939,0.059754735,9832.61851,61.6266396,"C"
"300",300,184.0927932,275.095239,0.386311536,220.3250668,0.124669338,0.068829402,10007.54338,62.66780326,"C"
"301",301,142.1887916,234.2035643,0.318499511,213.6522702,0.12903131,0.066509757,10762.90048,64.16446641,"C"
"302",302,137.8396385,278.6100994,0.439131773,237.3739068,0.125498874,0.07691572,14286.96758,56.998279,"C"
"303",303,154.6592402,292.4180464,0.421148499,256.243196,0.138046782,0.103772681,9037.025421,63.98189761,"C"
"304",304,157.1753302,297.450139,0.42427149,196.3704538,0.133525774,0.089389685,9668.684544,64.61929184,"C"
"305",305,149.6018788,245.2788734,0.334159319,186.0888096,0.12480928,0.057225,10484.0875,65.09118989,"C"
"306",306,182.6593055,246.5522098,0.330931702,161.1996996,0.105362699,0.074799627,9971.820233,62.88184662,"C"
"312",312,154.4734836,297.8871399,0.424762557,189.0773959,0.133526634,0.089616281,9745.4757,64.7544277,"C"
"313",313,152.244161,245.2538504,0.337551471,180.4533071,0.124896922,0.057194949,10485.9983,65.41796135,"C"
"314",314,184.2642945,249.116357,0.325059358,165.9048655,0.10529394,0.074324017,9915.324728,62.51243921,"C"
"315",315,125.1730082,193.0317277,0.275985852,202.5874721,0.113760572,0.059736615,9829.524384,61.48791662,"C"
"316",316,184.2772067,276.4092475,0.382114623,217.8344723,0.124326769,0.068955419,9947.894171,62.94870589,"C"
"317",317,142.443498,238.2123433,0.320397099,216.5496608,0.128867264,0.066682941,10753.597,63.67772046,"C"
"318",318,137.769354,279.1569461,0.434850144,240.4030524,0.125232354,0.077023263,14324.91497,56.89603487,"C"
"319",319,151.8517136,292.571926,0.420880042,255.0609235,0.138159276,0.103896045,9106.081951,63.9066441,"C"
"320",320,160.3421738,300.1148968,0.422778822,189.8143094,0.13364551,0.089450486,9708.978762,64.49158239,"C"
"321",321,153.357534,243.4319473,0.336490244,180.5941097,0.12527293,0.05685065,10453.28335,65.43535937,"C"
"322",322,185.6730164,249.4282507,0.330870342,164.0417656,0.105384407,0.074523884,9908.672941,62.68170654,"C"
"323",323,124.9473329,187.8143327,0.273546078,203.9037857,0.113883981,0.059517908,9816.840403,61.89333298,"C"
"324",324,183.63072,274.3299739,0.382461158,219.3480193,0.124199904,0.068832619,9911.999091,63.1644976,"C"
"325",325,141.5261665,236.2245678,0.319045756,210.2959973,0.128763039,0.066554839,10785.25165,63.73385008,"C"
"326",326,138.1784405,279.006118,0.442374611,238.4236422,0.125217905,0.076967464,14354.04948,57.0013768,"C"
"327",327,152.2641551,292.0848168,0.419533709,257.1682702,0.138032401,0.103704317,9008.652026,63.93953913,"C"
"328",328,159.6842218,298.0072573,0.421714129,194.002207,0.133704075,0.089590882,9705.293759,64.44085796,"C"
"329",329,152.6401949,245.5504464,0.33221431,181.1634042,0.12496348,0.057148365,10482.07487,65.39769018,"C"
"330",330,186.5723915,250.3370244,0.325884006,163.6441123,0.10515125,0.074409791,9952.61001,62.77228534,"C"
"331",331,126.3164754,188.049522,0.279469277,202.712718,0.113999022,0.059512384,9819.288083,61.94325626,"C"
"332",332,182.2456232,277.1038457,0.38279404,216.6182842,0.124486809,0.068938377,9952.690137,62.68316273,"C"
"333",333,140.6850566,233.3929114,0.317450072,214.0374049,0.128992089,0.06681429,10751.73615,63.74223147,"C"
"334",334,138.2375507,280.2843893,0.435292743,238.6098298,0.125280531,0.076982939,14301.11774,56.87785987,"C"
"335",335,153.3053212,293.9209913,0.416333387,252.5750551,0.138076994,0.103703724,9054.003927,63.87251985,"C"
"336",336,160.2376777,300.1875812,0.42346506,191.4864956,0.133719398,0.089441657,9703.453446,64.76302257,"C"
"337",337,149.8176333,244.7209103,0.332932165,185.5075023,0.124729945,0.057195271,10521.11274,65.53086292,"C"
"338",338,185.5156692,248.4336452,0.323451454,164.8880239,0.105223041,0.074532599,9918.558606,62.88074066,"C"
"339",339,125.5875728,190.0172486,0.276808229,199.2409134,0.114042717,0.059471144,9820.114244,62.00906241,"C"
"340",340,180.0513831,275.5976132,0.386034283,218.5959936,0.12452699,0.068774489,9952.020996,63.14000486,"C"
"341",341,143.971348,236.2710906,0.321490936,206.2805382,0.129006158,0.066767466,10753.72169,63.82322536,"C"
"342",342,142.0165529,277.601266,0.436175405,240.6073704,0.125187413,0.076882381,14295.80274,56.59384044,"C"
"343",343,152.5984993,288.0313243,0.420310248,253.9318827,0.138309035,0.103814188,9010.848116,64.13076477,"C"
"344",344,159.1615563,299.5868921,0.420894967,191.8080293,0.13357347,0.089693681,9753.125166,64.82344473,"C"
"345",345,151.9863709,244.4438171,0.332648809,190.4095711,0.125079204,0.057020337,10452.28349,65.4456023,"C"
"346",346,189.0299138,244.9742754,0.324375917,160.1760022,0.105201543,0.074467387,9922.088426,62.68617157,"C"
"347",347,124.3972123,192.9761369,0.280213309,199.3383953,0.113696836,0.059668039,9834.380509,61.73315651,"C"
"348",348,183.9607287,274.6728763,0.383426669,218.9921926,0.124469221,0.068830534,9920.863117,63.10265798,"C"
"349",349,144.0602039,237.3230584,0.316330473,206.5364431,0.129089153,0.066706832,10797.3658,63.54894497,"C"
"350",350,142.1074007,280.6085955,0.441510827,236.2384401,0.125289218,0.077084518,14274.88494,57.35578949,"C"
"351",351,154.21054,291.0699845,0.421013171,248.969121,0.138097176,0.103750402,9035.0082,63.94035808,"C"
"352",352,159.5783791,298.2918159,0.423998321,187.5801635,0.133361751,0.089512606,9709.254417,64.61810443,"C"
"353",353,150.3668921,245.100541,0.332064489,185.6899492,0.124986818,0.05720176,10476.9517,65.61402892,"C"
"354",354,186.5573164,247.0753879,0.324146615,160.3679683,0.105347557,0.074489117,9921.613719,62.76827228,"C"
"355",355,127.3711653,188.9148521,0.277667448,197.4948249,0.114061973,0.059751009,9823.324365,61.56790088,"C"
"356",356,180.6927605,272.642812,0.384715968,222.9514026,0.12443592,0.069025907,10005.16869,62.99786057,"C"
"357",357,141.1983278,235.6412104,0.315603075,209.0044345,0.128830496,0.066841718,10720.55337,63.97031975,"C"
"358",358,138.3416703,284.271686,0.439429442,238.9926723,0.125402424,0.076950676,14369.99818,56.94891395,"C"
"359",359,154.2648953,296.2201432,0.420008043,251.643495,0.138037079,0.103647815,9079.849924,63.87659948,"C"
"360",360,159.0456627,301.0646561,0.421902252,191.1038006,0.13343232,0.089506896,9717.796866,64.88903435,"C"
"361",361,153.208019,248.4410989,0.339018932,180.3922618,0.124920229,0.057124631,10530.56366,65.44502332,"C"
"362",362,183.7394739,247.3157666,0.328119581,167.2238275,0.105188051,0.07421549,9890.974074,62.96054071,"C"
"363",363,127.1182672,189.7037819,0.274685545,205.5546073,0.113684351,0.059484583,9753.184287,61.87672084,"C"
"364",364,181.8802742,277.304896,0.387995062,214.7671501,0.124394644,0.068921731,9957.447399,62.70418724,"C"
"365",365,141.4340215,232.5442878,0.320411128,211.1843822,0.128709892,0.066751061,10695.93684,64.00844783,"C"
"366",366,138.8370804,276.7902024,0.440246843,237.1037116,0.125384102,0.076865328,14391.93294,56.69817767,"C"
"367",367,154.5786273,292.7096669,0.41692434,252.7503822,0.138291284,0.103555313,9039.702837,63.82669021,"C"
"368",368,158.8231651,298.6596537,0.422251623,187.9843654,0.133501259,0.089566987,9709.399669,64.63443406,"C"
"369",369,150.3409737,242.5031757,0.336569041,183.7141651,0.125090866,0.05692122,10456.12632,65.66037881,"C"
"370",370,184.4360077,250.7412578,0.328143239,162.6295083,0.105141912,0.074394235,9902.832334,62.69808477,"C"
"371",371,124.8343273,190.2854909,0.273314456,205.9970334,0.113734089,0.059554214,9847.468459,61.99836179,"C"
"372",372,186.4558637,278.0327775,0.379595486,219.8140954,0.124554575,0.069202392,9974.160395,62.68372823,"C"
"373",373,141.5027916,234.1414594,0.319484096,210.468902,0.12900439,0.066658966,10751.43763,63.99008602,"C"
"374",374,135.7284675,276.5976194,0.436492287,239.5008935,0.125289219,0.077074153,14281.28957,56.84738372,"C"
"375",375,156.7565816,292.9939401,0.41786092,254.9718864,0.138145922,0.103904022,9016.321902,63.62991954,"C"
"376",376,158.5207648,297.9968962,0.421287802,193.3692613,0.133456097,0.089516675,9640.378597,64.82079047,"C"
"377",377,149.5753833,246.6894262,0.3354059,184.6523474,0.124936972,0.056969157,10463.59636,65.31386145,"C"
"378",378,183.4619729,243.6352433,0.325368126,168.9524038,0.105282344,0.074535989,9883.274976,62.32267868,"C"
"379",379,127.6430251,190.6788018,0.276817596,198.0917188,0.113910601,0.059477821,9811.15992,61.99186642,"C"
"380",380,184.5449877,275.4136904,0.386634958,218.1122431,0.124378237,0.068952841,9959.20732,62.49178052,"C"
"381",381,141.9106795,236.697192,0.319275772,204.4189593,0.128859151,0.066755891,10718.41946,63.71957564,"C"
"382",382,140.3357336,280.544271,0.439955044,238.0094443,0.125220053,0.076879011,14394.75091,56.78871216,"C"
"383",383,148.3411162,289.0932444,0.421765236,256.6017754,0.138128653,0.103809141,9006.391201,63.94148234,"C"
"384",384,154.652178,296.546828,0.423935957,193.8647191,0.133557865,0.089642107,9673.185152,64.62861174,"C"
"385",385,150.1863478,246.9334156,0.334450066,185.6622074,0.125027486,0.057055352,10512.46156,65.19783451,"C"
"386",386,182.9426517,252.7060994,0.327198995,161.1575887,0.105167276,0.074317891,9944.140956,62.54899007,"C"
"387",387,123.3766168,192.3893543,0.275048814,197.1377331,0.113757859,0.059512684,9801.862891,61.94359827,"C"
"388",388,185.5155174,277.0171495,0.38042049,218.9927768,0.124601785,0.068940832,10005.16499,63.02066485,"C"
"389",389,141.6639564,237.3599511,0.319337393,210.7800274,0.128877014,0.066705688,10752.8836,63.98053291,"C"
"390",390,136.2496289,276.9303709,0.436341277,240.1769372,0.125339014,0.077127495,14329.99994,56.54837782,"C"
"391",391,151.1033085,294.4789167,0.417833951,255.3976913,0.138135857,0.103799362,9038.70954,63.89001717,"C"
"392",392,160.0961697,298.9417252,0.423612596,191.0710952,0.128877014,0.089572183,9751.843572,64.65998572,"C"
"393",393,152.2632353,242.5473224,0.338975945,185.1167173,0.124921271,0.057236385,10491.15296,65.25449999,"C"
"394",394,188.1932953,252.0456007,0.327871278,164.8454278,0.105306555,0.074300315,9926.504977,62.83915573,"C"
"395",395,124.6271214,188.4035316,0.317777236,196.6888217,0.113778278,0.05961835,9798.554965,61.84461102,"C"
"396",396,184.2034182,274.2753726,0.379233953,220.3669095,0.124570269,0.069033959,9971.595982,62.95814678,"C"
"397",397,140.4840314,236.8187259,0.317777236,207.697882,0.128962471,0.066610041,10700.18569,63.64191944,"C"
"398",398,138.5514166,278.663572,0.43741653,236.8816,0.125276064,0.076889464,14345.63032,57.22834531,"C"
"399",399,152.869791,291.7061662,0.418828869,253.6055435,0.138118837,0.103774676,9052.4446,64.21988699,"C"
"402",402,179.2618337,232.3750892,0.388673115,190,0.112661866,0.0616706,10649,49.81,"D"
"403",403,117.1147913,253.3384183,0.411983171,239,0.11186435,0.049607483,10170,56.79,"D"
"404",404,170.1092265,233.9121427,0.376558216,203,0.113640173,0.065056949,12374,61.33,"D"
"407",407,161.460942,246.6979307,0.386693618,244,0.126909887,0.093693088,9333,61.39,"D"
"409",409,173.9316,188.9942,0.4694,204.6992228,0.124705306,0.062437537,10979.74181,58.86247792,"D"
"410",410,179.1331,232.6124,0.3508,192.6748149,0.112791367,0.061764684,10644.254,49.66275262,"D"
"411",411,117.146,253.4652,0.4686,229.8714669,0.111861077,0.049654573,10165.17378,56.84562084,"D"
"412",412,170.0376,233.5771,0.4472,203.2862574,0.113592702,0.065150227,12394.39503,61.18149398,"D"
"413",413,214.4094,222.3922,0.1316,239.9440896,0.107290853,0.082041557,10060.4474,62.508316,"D"
"414",414,194.8446,271.3235,0.4093,207.071573,0.134308672,0.069665726,10925.91225,60.72979077,"D"
"415",415,161.3686,246.5157,0.5289,247.6564873,0.127164965,0.093767964,9317.021163,61.2861963,"D"
"416",416,144.9303,265.4847,0.484702892,213.8159546,0.130985743,0.067341495,10347.1939,61.53016332,"D"
"417",417,173.871,185.7069,0.366451211,209.5744879,0.124645663,0.062355922,10996.7936,59.12267454,"D"
"418",418,179.2724,231.5864,0.389237607,190.2655691,0.112628522,0.061575644,10597.89049,49.75286666,"D"
"419",419,117.0834,251.6798,0.407710878,238.9533096,0.111802538,0.049557116,10161.30368,57.10423976,"D"
"420",420,170.1352,232.8312,0.374511458,200.4892531,0.113587438,0.06516401,12379.2251,61.03196982,"D"
"421",421,214.4642,222.3898,0.213689677,247.0662658,0.10711124,0.081952399,10009.33655,62.65477787,"D"
"423",423,161.6108,246.6683,0.389857243,242.7884265,0.126859248,0.049762815,9334.669106,61.58279116,"D"
"424",424,143.6395,267.43,0.48216111,210.5088112,0.130922099,0.0674857,10395.88992,61.19719089,"D"
"425",425,174.3593,188.6336,0.368195807,212.4420064,0.124611222,0.062348063,10941.39174,59.30630056,"D"
"426",426,179.1684,232.5021,0.387697089,187.0239043,0.112743573,0.061650659,10621.7142,49.96103125,"D"
"427",427,116.8674,253.5796,0.414053939,244.1171415,0.111756465,0.049762815,10106.12893,56.63611941,"D"
"428",428,169.887,233.1052,0.380064361,198.3900886,0.113620637,0.064989432,12350.11174,61.49565543,"D"
"429",429,213.5717,223.9561,0.214368276,243.1546519,0.107183168,0.081846323,10085.49286,63.01772228,"D"
"430",430,194.8145,270.7861,0.394848488,210.2813665,0.134328122,0.069648399,10925.33918,60.9294987,"D"
"432",432,145.1878,268.5516,0.48314322,215.2296478,0.131140046,0.067162206,10408.24619,61.3057849,"D"
"433",433,173.9356,189.07,0.366741722,210.0069846,0.124592511,0.062316503,11012.48659,59.44131231,"D"
"434",434,178.0812,230.4214,0.391174082,188.7985546,0.112663644,0.061689708,10658.35876,49.94905607,"D"
"435",435,117.6165,252.4449,0.411781324,233.5013068,0.111772119,0.049533509,10152.10931,57.00510877,"D"
"436",436,168.8765,232.9654,0.377543534,203.9776072,0.11373406,0.065161398,12365.42622,61.60973707,"D"
"437",437,216.0765,223.6691,0.214214285,244.6410172,0.107280476,0.081972671,10063.82556,63.25383294,"D"
"438",438,195.6735,272.8235,0.394699366,208.8852053,0.134490626,0.069837843,10915.39749,60.78480596,"D"
"439",439,161.7294,246.8637,0.386259419,241.1814304,0.127039411,0.093698356,9328.791583,61.45856576,"D"
"440",440,146.678,267.5979,0.481619342,213.6390396,0.13094366,0.067428715,10465.51804,61.52679115,"D"
"441",441,174.7286,188.9011,0.370005261,210.0039197,0.124751521,0.062380942,10970.06753,59.23686841,"D"
"442",442,178.8132,233.4059,0.386171208,187.8657378,0.112689671,0.061727499,10664.92749,50.09919142,"D"
"443",443,116.477,254.3754,0.412521682,239.3010498,0.111846318,0.049595876,10124.6593,56.79422744,"D"
"444",444,171.6643,233.4344,0.379070213,203.5413749,0.113602485,0.064978465,12411.23904,61.17572557,"D"
"445",445,217.2351,223.4306,0.210138081,242.8377063,0.107248194,0.081965231,10101.16452,62.7777951,"D"
"446",446,195.3095,268.6417,0.395559365,205.0705126,0.134386906,0.069658332,10883.41763,60.52184739,"D"
"447",447,160.9754,244.9121,0.390348795,245.1382306,0.126861108,0.093751535,9321.410455,61.08107868,"D"
"448",448,143.8292103,268.0115366,0.481583822,209.7035673,0.131164652,0.067414271,10448.38698,61.30889601,"D"
"449",449,174.0959258,188.7272141,0.369183252,208.0079146,0.124823712,0.062460571,10930.30368,59.17176346,"D"
"450",450,179.803718,231.9208463,0.390209706,192.2557199,0.112542431,0.06171017,10647.92512,49.7108721,"D"
"451",451,118.1781544,255.4393582,0.412814861,240.6949747,0.11175395,0.049658355,10188.39764,56.95237137,"D"
"452",452,169.0011519,233.8462135,0.373381876,205.766351,0.113636189,0.065172395,12391.90532,61.34703031,"D"
"453",453,214.9270912,221.7968745,0.210836936,242.3445398,0.10710852,0.081981227,10050.06481,62.60835904,"D"
"454",454,198.7044629,271.5166574,0.39094508,210.6615033,0.134451769,0.069549807,10949.55443,60.1494195,"D"
"455",455,159.4986493,247.811526,0.385837196,244.4494946,0.126828253,0.093605254,9336.840616,61.63884512,"D"
"456",456,146.9157285,266.0778608,0.482660121,241.2853569,0.130951245,0.067342734,10437.75679,61.32942504,"D"
"457",457,173.5967789,186.113714,0.367662253,238.9354747,0.124727691,0.062380394,10956.38355,58.90983784,"D"
"458",458,180.9401435,232.847462,0.390521477,246.8770388,0.112822813,0.061582686,10625.89678,49.9716056,"D"
"461",461,215.8671719,224.4555864,0.212173144,246.091026,0.107173528,0.082169357,10136.97975,62.87398638,"D"
"462",462,196.4139637,273.4823756,0.391403794,209.5677344,0.134147281,0.069525307,10908.17383,60.34695104,"D"
"463",463,161.316402,246.6527426,0.386338448,246.8770388,0.126876011,0.09385914,9299.464269,61.21518596,"D"
"464",464,144.5504493,267.5938015,0.483430402,217.0098063,0.130923696,0.067364476,10396.76281,61.44842954,"D"
"465",465,174.7022459,187.1821349,0.369692364,203.5796773,0.12477897,0.062248177,10977.3253,59.26299234,"D"
"466",466,177.2952913,233.9854145,0.387379312,189.7619174,0.112687107,0.061625895,10625.80986,49.59658515,"D"
"467",467,117.026145,253.1339753,0.412423961,238.9354747,0.111810199,0.049777936,10156.04766,57.10623568,"D"
"468",468,171.1239702,232.1306161,0.376466462,203.5227269,0.113658693,0.065141516,12417.50426,61.32357439,"D"
"469",469,212.6210127,223.9803768,0.208209202,241.2853569,0.107292656,0.081859237,10072.24393,62.54537674,"D"
"470",470,196.0079213,270.0509291,0.396447988,209.384014,0.134430081,0.069703113,10898.70531,60.83845337,"D"
"471",471,162.3470825,244.3059816,0.38768327,238.2034083,0.126911333,0.093583553,9360.926124,61.55915725,"D"
"472",472,144.9991471,267.5854563,0.484801173,211.5860886,0.131069371,0.067429695,10353.80899,62.01851839,"D"
"473",473,175.3837036,189.9865514,0.369646583,210.7659641,0.124712329,0.062219482,10976.47862,59.33151898,"D"
"474",474,180.2248088,231.5664337,0.390280693,196.4517665,0.112717791,0.061634009,10627.10077,49.6276945,"D"
"475",475,118.5980155,251.5873727,0.414862136,241.9967944,0.111880363,0.04962522,10166.98722,56.57410001,"D"
"476",476,168.9228654,232.4047457,0.381681454,200.5584947,0.113624455,0.06524833,12337.62195,61.53624904,"D"
"477",477,214.6968563,221.6262158,0.211917496,246.9276633,0.107306615,0.082131207,10107.26244,63.23042808,"D"
"478",478,193.8643946,271.2147334,0.39471551,205.5836365,0.134310406,0.069616728,10960.7327,60.67682296,"D"
"479",479,161.9600549,247.4458715,0.387112233,244.0259015,0.126669876,0.093877598,9368.686232,61.41552502,"D"
"480",480,145.7650989,268.2352068,0.481022692,214.7002578,0.130858255,0.067430807,10413.98074,61.48387599,"D"
"481",481,172.9064437,188.3232813,0.368768745,210.9860124,0.124768866,0.062239101,10996.89543,59.34930142,"D"
"482",482,178.4983378,232.643932,0.384061803,190.2856448,0.112715394,0.061621123,10655.56866,50.02783859,"D"
"483",483,121.0033412,253.2546403,0.41347539,237.2216678,0.111733638,0.049551894,10160.59051,56.49713195,"D"
"484",484,169.2302222,232.7916699,0.375482436,198.3844337,0.113562419,0.064996968,12334.85558,61.1928315,"D"
"485",485,216.899677,222.7445572,0.213385988,241.4807806,0.107317862,0.082285411,10039.50726,62.80954399,"D"
"486",486,196.091032,271.788594,0.395354284,206.3120125,0.134240399,0.0699091,10984.60441,60.34738155,"D"
"487",487,160.6452327,246.0588126,0.385703746,245.1831205,0.126985305,0.093566805,9382.740803,61.43040317,"D"
"488",488,145.3025275,266.7989753,0.483690111,210.282295,0.131106404,0.067381144,10420.49078,61.15712959,"D"
"489",489,173.2684941,184.5037983,0.367891989,211.7719459,0.124793071,0.062479229,10941.33125,59.04921663,"D"
"490",490,179.7707889,233.1992228,0.38632111,188.6644392,0.112604312,0.061799254,10662.30375,49.76208427,"D"
"491",491,116.5908341,250.9153424,0.409513537,240.1660659,0.111892629,0.049621738,10167.47914,57.06351835,"D"
"492",492,170.0032125,234.7653753,0.378214031,206.9651964,0.113635903,0.06520875,12378.76375,61.18376777,"D"
"493",493,216.562642,221.3445958,0.207826355,246.4517361,0.107426447,0.081912421,10038.91803,62.94324579,"D"
"494",494,194.0387999,268.8075653,0.394704531,207.5812594,0.134207873,0.069774728,10939.47984,60.83637411,"D"
"495",495,160.8639863,247.9092732,0.387007723,243.7023736,0.126901187,0.09348425,9326.111006,61.27336664,"D"
"496",496,140.4425958,267.2785695,0.480387868,211.7060874,0.130872108,0.067429136,10484.12247,61.3250052,"D"
"497",497,173.2537293,187.7928791,0.370367325,208.6443723,0.12478684,0.062330466,11021.53165,59.3170973,"D"
"498",498,179.832026,232.4528454,0.391155985,191.398696,0.112640186,0.06177907,10604.34012,49.81166095,"D"
"499",499,117.2016863,253.3211127,0.410253029,239.1500912,0.111749964,0.049482073,10179.87355,57.04074302,"D"
"500",500,172.4319305,234.2485624,0.377765411,205.7865475,0.113629286,0.065173283,12354.07594,61.6496224,"D"
"501",501,215.3954297,223.8832915,0.21075851,248.2373681,0.107035497,0.081867425,10077.46865,62.59545021,"D"
"502",502,195.4588012,269.6951691,0.398160819,208.3185829,0.134283671,0.069569645,10982.00585,60.71128044,"D"
"503",503,160.7730159,245.2797962,0.383871612,240.7631786,0.126918989,0.093700149,9354.043141,61.43959135,"D"
"504",504,144.0852148,269.6368133,0.479668524,211.485487,0.131052012,0.067562471,10443.57339,61.4706139,"D"
"505",505,174.2974708,189.6853502,0.367803215,210.8024895,0.124688574,0.062268463,10921.8761,59.42378731,"D"
"506",506,178.8555199,232.045227,0.39225542,190.4378105,0.112545614,0.061778639,10678.8574,49.95563572,"D"
"507",507,117.9338522,251.2873339,0.410879648,243.6748793,0.111847917,0.049649495,10215.03157,56.84654289,"D"
"508",508,168.7230265,231.8043953,0.373545075,201.3683549,0.113687209,0.065127982,12337.34148,61.14025484,"D"
"509",509,214.404377,224.0754256,0.211942473,243.6079316,0.107169265,0.082143531,10127.66933,62.70977014,"D"
"510",510,195.7481494,273.6885184,0.394111483,210.1758017,0.134336699,0.069578904,10952.34507,60.39072342,"D"
"511",511,161.0538466,247.9376136,0.385891545,246.4787562,0.126719909,0.093500855,9290.847242,61.36878055,"D"
"512",512,145.2890313,267.8626214,0.480869774,209.6754706,0.130934695,0.067430841,10424.74928,61.27588867,"D"
"513",513,176.4389717,188.3680761,0.36940917,213.3031982,0.124593979,0.062323242,10910.90441,58.97430891,"D"
"514",514,177.2440502,234.2664158,0.391355788,191.0018681,0.112707227,0.061589002,10658.80563,49.8806699,"D"
"515",515,115.0840721,254.6681976,0.411924185,238.6892248,0.111899429,0.049654339,10240.30049,56.81108804,"D"
"516",516,170.7921143,233.1583819,0.380386139,204.0908804,0.113532512,0.065076606,12388.09079,60.97050303,"D"
"517",517,218.1901549,223.3734953,0.211301732,246.6490385,0.107227652,0.082094614,10007.73729,62.93523604,"D"
"518",518,193.9219593,269.2358769,0.396969586,205.7266722,0.134436967,0.069624127,10923.93294,60.39816078,"D"
"519",519,161.4094635,244.3396635,0.386701146,241.9223313,0.127011594,0.093455485,9355.566697,61.38975886,"D"
"520",520,144.1717467,266.8290766,0.483547314,212.501178,0.130982383,0.067567868,10412.99543,61.3834541,"D"
"521",521,172.6342262,188.7913217,0.368004702,213.252624,0.124556708,0.062167918,10987.58706,58.90239143,"D"
"522",522,179.0785706,233.3188719,0.389041889,186.9563386,0.112635551,0.061591314,10677.76965,49.49600122,"D"
"523",523,117.1292322,255.8390089,0.414631299,243.2753644,0.111857872,0.049406592,10182.10167,56.7908207,"D"
"524",524,170.5067592,234.2347891,0.378941604,204.7943887,0.11378903,0.06504789,12421.36993,61.41972754,"D"
"525",525,215.694942,221.5411187,0.211595526,240.9947011,0.107317565,0.08208786,10076.00348,62.45646196,"D"
"527",527,159.810504,247.6778622,0.384024282,247.0917781,0.126786596,0.093564866,9380.60905,61.52271463,"D"
"528",528,146.323617,266.307317,0.482029688,210.7477488,0.130852346,0.067346147,10462.25325,61.2786101,"D"
"529",529,176.748528,190.6088105,0.370084852,208.6428248,0.124542659,0.062239293,11019.63677,59.08114115,"D"
"530",530,180.328755,232.5691309,0.388394731,189.2296208,0.112607962,0.061497465,10675.71351,49.71509239,"D"
"531",531,116.8576281,253.3825348,0.416678683,238.580247,0.111865739,0.049494924,10114.64751,56.71607923,"D"
"532",532,168.1775533,235.3572451,0.377140212,205.6759525,0.113527379,0.065260294,12365.39639,61.01873475,"D"
"533",533,216.8954815,226.0998203,0.21036779,244.0415563,0.107238042,0.081800125,10052.66822,62.87278962,"D"
"534",534,193.6777621,274.8965704,0.395588568,206.7381073,0.134286294,0.069577587,10957.65268,60.63479433,"D"
"535",535,160.2797347,245.4253716,0.385054829,245.6593378,0.126997734,0.093556201,9369.539052,61.2232157,"D"
"536",536,143.465754,268.4939688,0.479322123,214.0079776,0.130960985,0.067406225,10342.49211,61.82807179,"D"
"537",537,175.8083893,186.5198556,0.36661547,214.588102,0.124684996,0.062351928,10967.88974,59.08018112,"D"
"538",538,177.9143013,234.1324569,0.389655919,185.5441254,0.112632557,0.061651673,10627.26113,49.63833056,"D"
"539",539,117.4181981,252.835958,0.415497092,240.2275154,0.111944982,0.049560465,10173.89608,56.61103363,"D"
"540",540,171.6631548,230.2350196,0.374028049,202.8580242,0.113682802,0.065127252,12382.54171,61.47774333,"D"
"541",541,212.6767431,220.2425212,0.212359633,242.0420885,0.107201557,0.081972848,10054.42953,63.06308249,"D"
"542",542,194.7774346,269.9893724,0.396534307,209.8739584,0.134392362,0.069674149,10925.51802,60.43001431,"D"
"543",543,163.0494481,243.706249,0.389027944,243.9855867,0.126811785,0.093718033,9346.99488,61.5113077,"D"
"544",544,145.0050627,267.0838508,0.484702892,204.4420624,0.131105379,0.067361059,10456.9404,61.34109635,"D"
"545",545,175.8065823,189.2681253,0.366451211,208.0795614,0.1245792,0.062292143,10987.09868,59.41780753,"D"
"546",546,181.7869345,230.3425935,0.389237607,191.9771024,0.112682925,0.061583255,10642.86207,49.9658339,"D"
"547",547,116.7771376,251.5097607,0.407710878,239.3158093,0.111798099,0.049641401,10148.81077,56.57697418,"D"
"548",548,169.1894432,231.6594861,0.374511458,201.6511799,0.113582415,0.064961504,12407.83858,60.79129051,"D"
"549",549,212.1146445,223.4960348,0.213689677,243.1088357,0.107315576,0.081974383,10031.84705,62.69865256,"D"
"551",551,164.4635755,248.7704075,0.389857243,242.1766973,0.126978898,0.093684873,9345.998569,61.45069047,"D"
"552",552,152.3481948,198.9760117,0.384960829,271,0.138417804,0.078965803,12402,55.39,"E"
"553",553,179.8610342,185.8631849,0.276021357,239,0.11201411,0.083810348,9973,66.83,"E"
"555",555,159.2462437,211.5697027,0.302793567,193,0.118533639,0.063504228,10525,58.67,"E"
"556",556,151.8616403,227.6352879,0.29892949,233,0.136262735,0.060196044,7480,67.7,"E"
"558",558,112.9609272,198.8568304,0.266098482,219,0.135862264,0.078388282,9248,61.38,"E"
"559",559,133.9044683,156.3434408,0.320667205,268,0.15275063,0.070552703,7607,57.91,"E"
"560",560,152.5672,198.5223,0.395,269.6575349,0.138393734,0.078995451,12336.61295,55.53154463,"E"
"561",561,180.3596,186.1422,0.2485,244.0124096,0.111954552,0.083962663,9988.180097,66.58254828,"E"
"562",562,151.2298,206.7954,0.3334,223.0351315,0.129608736,0.055593098,10206.42572,66.5232434,"E"
"563",563,159.9256,212.3318,0.2783,192.3556504,0.118543817,0.063434738,10524.49162,58.82988964,"E"
"564",564,152.2977,228.286,0.3384,230.6377431,0.13605775,0.060103896,7494.651076,67.44610391,"E"
"565",565,145.2393,221.9386,0.2502,190.7034782,0.160313255,0.066310921,7556.816093,71.20127471,"E"
"566",566,112.8749,198.735,0.2645,219.9791056,0.135994422,0.078333648,9206.010149,61.29790506,"E"
"567",567,133.7048,156.8398,0.3617,261.8023138,0.152736685,0.070415517,7590.397446,57.65692359,"E"
"571",571,159.188,209.1453,0.304481335,193.3322986,0.11858312,0.063467909,10557.50793,58.5223434,"E"
"572",572,151.8897,227.0364,0.298926336,238.5244245,0.136284861,0.060349988,7474.59697,67.77745437,"E"
"573",573,145.1365,219.5986,0.264981889,193.4151635,0.160124763,0.066317919,7545.678109,71.27621144,"E"
"574",574,113.0133,198.3301,0.26487595,217.2872989,0.135739801,0.078267223,9213.68336,61.3326512,"E"
"575",575,133.9211,154.3198,0.319022935,265.7266428,0.15274139,0.070576656,7615.062336,57.9111968,"E"
"576",576,151.9782,200.0847,0.385870266,267.0703076,0.138402543,0.078977055,12359.05294,55.09716947,"E"
"577",577,179.9799,188.4411,0.274631001,241.410111,0.112061859,0.083706912,9973.828118,66.61977372,"E"
"578",578,151.7382,206.3416,0.292746032,221.426799,0.129608092,0.055374739,10100.00965,66.61599416,"E"
"579",579,159.0276,210.7977,0.301474944,190.8700671,0.118687017,0.063535833,10523.95658,58.8809774,"E"
"580",580,151.7069,228.259,0.299083229,234.0554881,0.136300853,0.060294344,7472.588563,68.04623726,"E"
"581",581,145.2253,223.5071,0.265777858,193.9769512,0.160283427,0.066196529,7556.653173,70.90441579,"E"
"582",582,113.4256,200.3364,0.265680269,224.7111531,0.135814059,0.078457475,9242.512814,61.59567364,"E"
"583",583,135.2039,156.7564,0.319033207,267.7548083,0.152865727,0.070511943,7643.665963,58.08311621,"E"
"584",584,151.9491,198.4559,0.385163316,269.0910121,0.138540105,0.079108799,12465.33103,55.31905479,"E"
"585",585,177.6545,184.448,0.275522019,236.6042894,0.112111698,0.083700902,9974.639023,67.06818727,"E"
"586",586,150.3492,206.9403,0.289934367,225.673505,0.129571183,0.055470436,10126.15154,66.22051699,"E"
"587",587,159.6166,213.3109,0.303872233,190.8550792,0.118484198,0.063555681,10565.86625,58.83533888,"E"
"588",588,154.3075,228.2885,0.29570619,232.485704,0.136205003,0.060053983,7474.796947,67.95038013,"E"
"589",589,145.9417,222.1447,0.261497018,189.6727454,0.160246353,0.066199188,7567.327131,71.14639765,"E"
"590",590,113.275,199.8618,0.262949289,221.3811254,0.135843891,0.078200711,9254.036272,61.30091339,"E"
"591",591,133.355,157.2365,0.323577271,267.9679329,0.152652194,0.071030729,7630.15876,57.68796463,"E"
"592",592,150.916,200.8132,0.383206656,271.0446777,0.138390252,0.078970259,12427.5727,55.31605142,"E"
"593",593,180.8495,184.8532,0.273538503,238.0509848,0.112062851,0.083888875,9925.515488,66.99296654,"E"
"594",594,151.8552,207.4329,0.294859293,219.3496482,0.129772206,0.055394409,10108.52801,66.37632216,"E"
"595",595,160.4278,213.8749,0.302741049,191.6919151,0.118456603,0.063528838,10503.06201,58.96761483,"E"
"596",596,150.9403,226.2766,0.296468349,230.732749,0.136205647,0.060246159,7499.394772,67.76060857,"E"
"597",597,145.4351,220.4017,0.260179426,189.2807071,0.160125908,0.066423014,7595.521139,70.80695598,"E"
"598",598,112.2978,198.1037,0.266872746,222.3084333,0.135838542,0.078324681,9228.299338,61.48673259,"E"
"599",599,135.1971,157.0176,0.321214771,267.3687156,0.152693212,0.070526054,7605.523886,57.87723079,"E"
"600",600,152.9110546,199.2292018,0.38319469,270.8758804,0.138215811,0.078977479,12375.01854,55.40193458,"E"
"601",601,179.5630313,187.0160165,0.275806609,243.416221,0.111977958,0.083839276,9906.873089,66.83601694,"E"
"602",602,150.4887314,207.0219711,0.293615608,224.7571104,0.129758188,0.055523805,10124.02244,66.41536701,"E"
"603",603,158.1671834,214.7950467,0.304649497,187.1146222,0.118324833,0.063426569,10502.7659,58.66435212,"E"
"604",604,152.5074033,225.4749911,0.298609366,233.9320303,0.136277503,0.060099897,7510.586604,67.6987125,"E"
"605",605,148.1944758,221.3285315,0.262267543,189.7770686,0.160184751,0.06627336,7560.179245,70.98676805,"E"
"606",606,111.9313554,198.7475932,0.268364205,218.2168326,0.135730331,0.078426957,9249.862338,61.48797546,"E"
"607",607,134.6060791,156.4591983,0.323566683,266.3417758,0.15273637,0.070578178,7620.789056,58.24057268,"E"
"608",608,154.02901,198.3223529,0.386367679,267.2881269,0.138554205,0.078881475,12403.23457,55.25258499,"E"
"609",609,182.1713286,184.2756634,0.273168707,238.4675994,0.112176009,0.083696617,9986.628156,66.73995843,"E"
"610",610,151.4763406,207.0858955,0.292100822,221.0468332,0.129856987,0.055522722,10113.8148,66.61286073,"E"
"611",611,158.9146321,212.8141154,0.303233726,193.2623659,0.118373313,0.06345576,10540.82212,58.60020351,"E"
"612",612,152.3864457,227.1931098,0.297760981,235.2912085,0.13603322,0.060108603,7487.379626,67.76757352,"E"
"613",613,145.6473872,221.64319,0.265695446,193.8319443,0.16015875,0.066382938,7600.86471,71.01693253,"E"
"614",614,114.0082485,199.6561565,0.267818956,220.704676,0.135966715,0.078300659,9207.784758,61.64998179,"E"
"615",615,133.5729739,157.4639223,0.319373089,268.4667624,0.152676971,0.070553507,7597.52525,57.78707334,"E"
"616",616,151.2040865,199.3500719,0.38329923,271.280837,0.138059618,0.079148787,12358.89353,55.45020754,"E"
"617",617,177.9097246,184.6298773,0.278794088,240.1475157,0.112106593,0.083573872,9949.838609,66.79810145,"E"
"618",618,152.1232122,205.7509958,0.288824866,220.8928239,0.129845333,0.055269099,10094.08685,66.53945444,"E"
"619",619,160.2945308,211.3596587,0.301874575,193.9524756,0.118562445,0.063601377,10508.43973,58.41423838,"E"
"620",620,152.6125081,227.0011947,0.298055586,231.0033351,0.136191936,0.060132573,7443.366932,67.54118562,"E"
"621",621,146.1805635,221.5790369,0.260581896,193.4367144,0.160100602,0.066387133,7604.737673,71.3456199,"E"
"622",622,111.4277385,199.2096937,0.264613888,218.020521,0.135815301,0.0783246,9219.339897,61.50328356,"E"
"623",623,134.6617039,154.8278859,0.321747308,263.6621779,0.152803593,0.070570966,7558.47964,57.54880423,"E"
"624",624,152.7706163,196.2708209,0.384282908,271.7565411,0.138303392,0.079084315,12411.77193,55.11558266,"E"
"625",625,181.5423158,186.1692241,0.270853142,241.2745973,0.112164261,0.083711224,9987.722485,66.96737134,"E"
"626",626,152.9871141,205.9225995,0.292512449,219.9613708,0.129553075,0.055390453,10100.66083,66.4359183,"E"
"627",627,160.0934574,212.9958066,0.303168859,194.4062133,0.118727798,0.063471315,10538.39973,58.68926647,"E"
"628",628,151.206573,226.5256428,0.298110438,237.6269244,0.136223518,0.060365647,7441.667658,67.86524121,"E"
"629",629,144.5738157,221.8777815,0.261692847,187.0181657,0.160060913,0.066308211,7628.209306,70.78092917,"E"
"630",630,110.3001042,197.6408055,0.268862735,216.1848738,0.135889067,0.078540975,9236.215334,61.40429744,"E"
"631",631,133.3230287,155.4594752,0.320851722,271.1241377,0.152705842,0.070541002,7538.460571,57.57699355,"E"
"632",632,152.4290177,198.6939463,0.38608502,272.6065875,0.138219491,0.078967466,12369.31599,55.63289454,"E"
"633",633,180.0805758,189.6093399,0.277150892,236.9468546,0.112110766,0.083726373,10011.36189,66.73758141,"E"
"634",634,151.8438284,206.7855882,0.297299932,223.1652422,0.129694512,0.055699771,10078.05769,66.56294466,"E"
"635",635,161.6965832,213.2529312,0.29988405,194.7449421,0.118485538,0.063749704,10479.38112,58.53432499,"E"
"636",636,150.1737722,227.6861722,0.297359735,232.6718816,0.136385849,0.060210018,7500.458873,67.86033229,"E"
"637",637,147.8637012,221.2540402,0.259442128,189.5130402,0.160044052,0.066236316,7562.644319,70.91508789,"E"
"638",638,113.8835485,198.2865783,0.264823672,221.3322123,0.13573136,0.078362681,9253.233596,61.36708196,"E"
"639",639,132.992976,157.5719268,0.319537133,267.6608468,0.152931043,0.070695337,7622.423749,57.98226294,"E"
"640",640,152.2177547,197.7286748,0.387404731,276.0645592,0.138220317,0.079008813,12394.33922,55.26691346,"E"
"641",641,179.6869089,185.2734925,0.275218289,238.5534516,0.112048296,0.083789707,9989.643955,66.85241473,"E"
"642",642,153.5643178,209.2025761,0.289658088,221.7873963,0.129820599,0.055512596,10095.15054,66.46418407,"E"
"643",643,161.8221714,208.9595086,0.303571793,193.8522878,0.118465236,0.063527522,10498.33489,58.51281782,"E"
"644",644,150.6211539,226.5934957,0.297320313,235.4179582,0.136217868,0.060160326,7423.592381,67.78223412,"E"
"645",645,144.3052111,222.2671989,0.266152265,192.5628726,0.160285444,0.066185663,7590.817855,71.23111338,"E"
"646",646,113.6882605,197.8443975,0.264157745,219.957548,0.135836944,0.078317783,9253.965645,61.59042718,"E"
"647",647,133.4274027,154.0731417,0.321049576,268.842254,0.15261771,0.070474029,7589.536414,58.18167102,"E"
"648",648,149.9701113,201.6260869,0.384047339,271.6382591,0.138412355,0.078869062,12393.46607,55.60582335,"E"
"649",649,182.3960726,187.9030422,0.277856661,242.6557049,0.112128418,0.083863327,9969.643538,66.48775811,"E"
"650",650,151.9120077,205.4874962,0.292593879,220.7503878,0.129602702,0.055555854,10134.1355,66.73211848,"E"
"651",651,157.0227213,212.0737535,0.304082394,194.0134282,0.11853734,0.063689963,10553.63248,58.74861856,"E"
"652",652,152.2687869,228.3902733,0.302814678,230.473599,0.136325171,0.060320839,7502.335723,68.03000933,"E"
"653",653,145.3588125,223.0367378,0.261224433,195.945723,0.160178059,0.066429654,7612.397797,70.74179176,"E"
"654",654,112.6859668,199.3782773,0.263648195,220.0558036,0.13591589,0.078456803,9236.773647,61.37637209,"E"
"655",655,135.8433102,154.8373187,0.324160508,266.8963241,0.152787704,0.070598032,7640.177351,57.89157939,"E"
"656",656,150.2904392,198.4643413,0.385877964,265.8397213,0.13838718,0.07901904,12430.41418,55.43201947,"E"
"658",658,150.0772835,207.7868879,0.291918807,219.2307585,0.129837792,0.055253757,10147.66903,66.6665203,"E"
"659",659,159.8657201,215.8585345,0.300486603,192.9581136,0.118509249,0.063478738,10459.77455,58.72073015,"E"
"661",661,146.6889819,222.2543288,0.259889189,193.162994,0.160032859,0.06618788,7601.069049,71.21051752,"E"
"662",662,114.9683595,199.1167618,0.264745321,221.982845,0.136061955,0.07836975,9269.801638,60.98013459,"E"
"663",663,132.4092255,157.8845839,0.324603771,269.1704488,0.152708614,0.070554379,7564.782728,57.59429852,"E"
"664",664,151.4501354,199.4451297,0.387406927,272.8000689,0.138478473,0.07916517,12428.98561,55.29690484,"E"
"665",665,181.0493653,184.6514361,0.27529,243.1456951,0.111944174,0.083619197,9960.008861,66.87761089,"E"
"666",666,152.5743754,207.6003808,0.29270154,224.2685557,0.129621166,0.055458526,10163.85495,66.60177993,"E"
"667",667,158.9068366,214.5355341,0.299420942,192.697758,0.118544663,0.06347119,10507.93473,58.52104963,"E"
"668",668,152.2469531,226.2375354,0.299605337,229.5181273,0.136320941,0.060252076,7451.139114,67.78916938,"E"
"669",669,145.5823148,219.8085824,0.262378432,185.8748039,0.160086507,0.066284525,7557.542735,71.14130098,"E"
"670",670,113.2445406,198.8770368,0.267279314,216.5775275,0.136007526,0.07832609,9271.301678,61.26504524,"E"
"671",671,133.9216676,156.8703747,0.321423426,270.9532209,0.152841924,0.07058527,7580.693145,57.89736469,"E"
"672",672,151.8457209,195.5994411,0.385666885,275.4637589,0.138469751,0.07918243,12411.30563,55.48545144,"E"
"673",673,180.8509136,187.5260215,0.281193447,237.9010977,0.111840082,0.083738128,10037.50951,66.86056711,"E"
"674",674,150.9379411,208.3061381,0.295113008,225.2861047,0.129522981,0.055630096,10172.62575,66.94439533,"E"
"675",675,157.8285416,213.1122574,0.303296576,193.6888307,0.11862319,0.063505131,10458.29399,58.63537817,"E"
"676",676,152.2678649,223.5012803,0.296474584,229.1737667,0.136141039,0.060313502,7464.38612,67.70520474,"E"
"677",677,148.0625444,222.133868,0.259436729,189.9707239,0.160199856,0.066433783,7514.905431,71.14345343,"E"
"678",678,110.7810249,196.7926159,0.264913336,221.430119,0.135916044,0.078779932,9214.733738,61.3781049,"E"
"679",679,135.5675078,154.2813251,0.312299607,272.6876351,0.152862758,0.070568975,7629.605769,57.87610593,"E"
"680",680,154.7642716,197.7537008,0.381552779,267.432717,0.138496252,0.079056046,12366.61659,55.6211787,"E"
"681",681,182.1694574,184.720757,0.276803473,240.5650869,0.112161551,0.083701528,10020.18732,66.7695395,"E"
"682",682,152.2854552,207.0101571,0.293292396,220.4601168,0.129560191,0.055408072,10162.53449,66.85036421,"E"
"683",683,159.0786024,216.1015076,0.304255927,198.5933102,0.118364777,0.063589889,10477.09225,58.45136432,"E"
"684",684,153.269405,227.7619516,0.297040154,231.3036955,0.136495471,0.060306422,7493.613931,67.2379602,"E"
"685",685,143.9778474,222.2105694,0.260377527,193.1074694,0.160062101,0.066210739,7546.129831,70.94985621,"E"
"686",686,114.2910641,198.569846,0.265001153,219.3081555,0.135872966,0.078365554,9279.615356,61.04320735,"E"
"687",687,131.5414268,155.7683338,0.318418417,265.1743366,0.152825015,0.070597541,7623.440715,57.98129915,"E"
"688",688,150.1392354,198.6022691,0.387777923,274.1376635,0.138330598,0.078900232,12381.70083,55.19882208,"E"
"689",689,176.5196625,183.5328132,0.273548587,236.2965927,0.11192423,0.083734179,9976.552048,67.17551223,"E"
"690",690,150.7303145,203.3943782,0.29290895,218.7840591,0.129735562,0.055419778,10137.11874,66.63528988,"E"
"691",691,161.4221796,210.6830708,0.305545424,194.1331691,0.118570976,0.063341593,10514.90323,58.77867653,"E"
"692",692,153.8847499,227.2105471,0.300148358,230.6795947,0.13633194,0.06024028,7499.989925,67.7306614,"E"
"693",693,143.8996931,220.202065,0.265308157,192.3169591,0.160094125,0.066399598,7577.232137,71.2742946,"E"
"694",694,111.2356855,199.7939006,0.268818576,217.9492315,0.135802042,0.078488029,9240.017647,61.00794966,"E"
"695",695,134.9884256,154.4741174,0.325907991,270.8672331,0.152763678,0.070433452,7639.126301,58.02976561,"E"
"696",696,153.9910962,196.0894866,0.383878366,269.4757723,0.138510893,0.078903433,12427.88606,55.10021941,"E"
"697",697,181.5333361,186.0634674,0.277201456,238.5133806,0.111928607,0.083892586,9958.085154,66.99403035,"E"
"698",698,152.5484774,207.5543123,0.290141535,222.5372057,0.129698218,0.055451937,10103.97054,66.40021401,"E"
"699",699,160.7785202,214.900223,0.304481335,192.9449879,0.118469307,0.063565008,10525.00008,58.6908239,"E"
"700",700,152.5771758,226.568361,0.298926336,232.7914664,0.13627366,0.060138606,7482.875121,67.84283445,"E"
"701",701,144.5929315,224.0726119,0.264981889,189.8155712,0.160237159,0.066390783,7602.798759,71.37876598,"E"
"702",702,112.3941502,198.2577372,0.26487595,221.5585733,0.135870319,0.078504623,9261.742113,61.46314824,"E"
"703",703,132.2650161,155.9373906,0.319022935,268.6156501,0.152726784,0.070420756,7633.18614,57.71706878,"E"
"704",704,145.1365,219.5986,0.264981889,193.4151635,0.160124763,0.066317919,7545.678109,71.27621144,"E"
"705",705,113.0133,198.3301,0.26487595,217.2872989,0.135739801,0.078267223,9213.68336,61.3326512,"E"
"706",706,133.9211,154.3198,0.319022935,265.7266428,0.15274139,0.070576656,7615.062336,57.9111968,"E"
"707",707,151.9782,200.0847,0.385870266,267.0703076,0.138402543,0.078977055,12359.05294,55.09716947,"E"
"708",708,179.9799,188.4411,0.274631001,241.410111,0.112061859,0.083706912,9973.828118,66.61977372,"E"
"709",709,161.4221796,210.6830708,0.305545424,194.1331691,0.118570976,0.063341593,10514.90323,58.77867653,"E"
"710",710,153.8847499,227.2105471,0.300148358,230.6795947,0.13633194,0.06024028,7499.989925,67.7306614,"E"
"711",711,143.8996931,220.202065,0.265308157,192.3169591,0.160094125,0.066399598,7577.232137,71.2742946,"E"
"712",712,173.2467,245.7259,0.346829509,171.4041245,0.121165303,0.073744677,6971.554163,59.59262179,"A"
"713",713,156.8202,236.78,0.388640449,266.2279408,0.127606021,0.059345023,10127.28865,65.43099197,"A"
"714",714,132.4465,281.1018,0.308267248,203.718037,0.120660912,0.082720795,8697.370292,57.67572334,"A"
"715",715,169.293,245.8422,0.323048723,219.0300897,0.113753583,0.070013496,8165.369719,55.75193316,"A"
"716",716,154.7642716,197.7537008,0.381552779,267.432717,0.138496252,0.079056046,12366.61659,55.6211787,"E"
"717",717,182.1694574,184.720757,0.276803473,240.5650869,0.112161551,0.083701528,10020.18732,66.7695395,"E"
"718",718,152.2854552,207.0101571,0.293292396,220.4601168,0.129560191,0.055408072,10162.53449,66.85036421,"E"
"719",719,159.0786024,216.1015076,0.304255927,198.5933102,0.118364777,0.063589889,10477.09225,58.45136432,"E"
"720",720,153.269405,227.7619516,0.297040154,231.3036955,0.136495471,0.060306422,7493.613931,67.2379602,"E"
"721",721,143.9778474,222.2105694,0.260377527,193.1074694,0.160062101,0.066210739,7546.129831,70.94985621,"E"
"722",722,114.2910641,198.569846,0.265001153,219.3081555,0.135872966,0.078365554,9279.615356,61.04320735,"E"
"723",723,131.5414268,155.7683338,0.318418417,265.1743366,0.152825015,0.070597541,7623.440715,57.98129915,"E"
"724",724,150.1392354,198.6022691,0.387777923,274.1376635,0.138330598,0.078900232,12381.70083,55.19882208,"E"
