"","PC1","PC2","PC3","PC4","PC5","PC6","PC7"
"1",0.242357612643102,0.342490719401542,-2.50063130693233,-1.45290395697616,-0.574713716123864,-0.086699639693127,-0.552863658593301
"2",0.715276415197655,-0.690845780192644,1.33016462698044,-0.923342715875119,1.78087839855002,0.527304888073494,-0.975151383078254
"3",3.1000749777236,0.483047309187811,-1.49498540970073,-0.971649683536181,-1.73558298114841,-0.0811457015365656,-1.15967263314846
"4",-0.0559244709033766,-1.50636039703564,-0.533761496473714,-1.35148088673076,0.762259203985212,-1.99969173457557,-0.468008133877707
"5",1.31550532623446,-1.30223441521556,-0.0191374719489329,-0.120695396316122,0.922972214585847,-0.703205866231917,-1.91570622049875
"6",-6.97256068053885,-2.35778179649175,2.84095172165193,-1.12314074267629,1.46595956982125,-0.511786414633877,0.637994628732504
"7",0.384050052137448,0.488642010538461,-1.13240237539118,-1.1886978468736,-0.783405778010853,-0.414171995361416,-0.819178994802884
"8",0.750218928001535,-0.681758226077817,1.28863911811124,-0.896261119635697,1.72699830349641,0.479954868343507,-1.04079320810469
"9",3.01168674504519,0.429433113713125,-2.2138219500687,-1.08796201116409,-1.69276112788742,0.0553676850836295,-1.0609980523535
"10",-0.838915295773541,-1.55151379642493,-0.194654817172984,-0.979080226139228,1.06272641169853,-1.84620749521696,-0.356511473105552
"11",1.4843532968593,-1.13156419247252,1.59239025531192,0.191780991670434,0.727183514458886,-1.10545726403751,-2.20638765426598
"12",-7.047161263804,-2.13614306780571,3.25388194848563,-1.04598555813569,1.4866183168836,-0.5401989040847,0.52083841026411
"13",0.191072847491058,0.346634028969601,-2.38967060561435,-1.62110015672852,-0.503393295681627,-0.0889836145034879,-0.690732802441618
"14",0.926843451589966,-0.891968691223499,0.582200132548457,-0.195391120795615,1.18077745806496,0.876393720037312,0.226065855369093
"15",3.14527697494434,0.419723786584603,-1.62345328909304,-0.790270558151627,-1.12246661025173,-0.232869853195533,-1.4339707968125
"16",-0.920448785090471,-1.47813868084952,0.223573983139862,-1.33782494152457,0.44960696873912,-1.69740990272721,-0.107794027906672
"17",1.21031191725507,-1.23726256366731,0.457045787420058,-0.760577955532854,0.0440054811702552,-0.369234301166897,-1.47661361230714
"18",-7.0082836494155,-2.18629683912538,2.45850744454332,-0.686617848455959,1.97327252718762,-0.684537341313351,0.252654275107631
"19",0.241097031206778,0.380160426673899,-2.48560890799855,-1.44224953885627,-0.616275695453033,-0.1377836865961,-0.543250892695802
"20",0.749225281424228,-0.688394744363155,1.33803560879178,-0.977666467792027,1.78523225759356,0.570136726895732,-0.958040626217762
"21",3.11878493521173,0.521950466965391,-1.45221671098654,-0.950945710676897,-1.72544434693003,-0.0504726262044958,-1.15146301193966
"22",-0.815177165790512,-1.4595791538264,0.0589962885821337,-0.903948227605071,1.01031477340065,-1.97417494392363,-0.358548982853723
"23",1.30920147930672,-1.29669632099015,-0.0620204185231069,-0.0789888267499858,0.951010143381476,-0.719957495972836,-1.91411765236016
"24",-7.09541864533693,-2.21510585882931,2.77188231508879,-1.19622754911155,1.58375433915105,-0.406680371992548,0.621472535782936
"25",0.254991738426957,0.327579172400662,-2.49839151479722,-1.47628651947781,-0.520390151198822,-0.0882920865847297,-0.533423285251509
"26",0.693405175926966,-0.673172543440602,1.26255928830202,-0.920212979283922,1.75580626648955,0.478854087864995,-0.991856313136861
"27",3.07312439655182,0.524277820993336,-1.48886630059183,-1.00207017336669,-1.82314869028924,-0.123986339983376,-1.11946947737602
"28",-0.817440665612326,-1.53370924824293,-0.016156283657454,-0.948158894487217,1.06057994817387,-1.91500378821887,-0.386473319002651
"29",1.32444438555972,-1.26258103331785,0.00625976101784181,-0.131376849062185,0.967500114245107,-0.664735165774842,-1.85792569451389
"30",-7.08983574988728,-2.18820180692007,2.79965005928863,-1.17497103035477,1.55087469780943,-0.419637711837226,0.637629687752447
"31",0.251237130789977,0.374010978469232,-2.46309425436272,-1.41598997300786,-0.525638862452703,-0.0667494338710555,-0.520640924571415
"32",0.725356393162146,-0.718439429136416,1.31815020586328,-0.88791473085177,1.8414568266812,0.563656161447981,-0.986084500264776
"33",3.10367964775312,0.457179758765636,-1.4445622105592,-1.03704097453925,-1.64854804635067,-0.0501205882096827,-1.11063053702957
"34",-0.826044354064041,-1.52023646402296,0.0471680775251583,-0.882436429562426,1.10764711561899,-1.83009027124686,-0.403549147978536
"35",1.3121041230334,-1.28976561967357,0.0264218266512768,-0.171894699813736,0.956058899710886,-0.725563592919644,-1.86155557106119
"36",-7.06985288757368,-2.13677427309753,2.71811744753365,-1.06919903800336,1.43611946409767,-0.487545506941507,0.546290693676196
"37",0.261410396823389,0.336568503152424,-2.49824148902339,-1.47395590276778,-0.607736757043846,-0.128887063956532,-0.538833201179937
"38",0.484939773363692,-0.485871708415476,1.48344363547768,-0.948948988781368,1.64603963715249,0.516777052198015,-1.09348331023171
"39",3.09669661746871,0.474256388540192,-1.47612103476217,-1.06693274407076,-1.67582699757691,-0.0335098613320715,-1.11432613186744
"40",-0.844916058470626,-1.518183346623,0.00628295602247719,-0.869505640879829,0.976813378603372,-1.8833619680779,-0.420892943307515
"41",1.30752860068834,-1.35179666064217,0.0254779985234678,-0.182223448911393,1.00893540061012,-0.635454569234794,-1.87158450102062
"42",-7.08489732121308,-2.15556457848578,2.78146667085061,-1.13841089828439,1.48602947921055,-0.504925821692611,0.576900736897377
"43",0.253479696642021,0.310328308930058,-2.49304142830669,-1.41921555347992,-0.534311788968847,-0.00579540453316165,-0.562219309690224
"44",0.717994161300771,-0.743132609030173,1.33604009382303,-0.987311748924212,1.85379928367933,0.58672696155355,-0.911468589720013
"45",3.07883540693984,0.469826998610577,-1.4657922735898,-0.979597136048272,-1.73557846351393,-0.0851200853691094,-1.14029590071596
"46",-0.838602975606633,-1.51214145336324,-0.058301419997813,-0.878001171407056,1.04751585187606,-1.90470080801058,-0.368346220201119
"47",1.34450202775922,-1.29078955205149,-0.0166399523362722,-0.0388528819260213,0.933976025494236,-0.719726051083097,-2.00082271711325
"48",-7.07743539533747,-2.13745349515274,2.76802958617772,-1.08990917140798,1.48211249718647,-0.481486716056493,0.597097243783991
"49",0.264654326820093,0.386010803416284,-2.50779972216887,-1.49536449763538,-0.692643881902005,-0.148890753311256,-0.489317370295872
"50",0.724955744502826,-0.678410431891418,1.30098530862763,-0.890744087416591,1.75572133712993,0.504906494550137,-1.00260984153237
"51",3.13245493423602,0.494834349863311,-1.46401616334479,-0.948601870898252,-1.71780818422872,-0.0772728122929194,-1.16353570531348
"52",-0.822384851240877,-1.58122039430284,0.055014933826798,-1.05233101270422,1.17312572204702,-1.81971605674046,-0.274339526850764
"53",1.32192279806278,-1.32098790599809,-0.0383564812582003,-0.106460947378332,0.8631348021754,-0.658326940592397,-1.92798433812322
"54",-7.07192527164523,-2.17406027878796,2.72549211055858,-1.11894170446411,1.44991899601542,-0.464091947802191,0.574309213932115
"55",0.234593664566985,0.404573612527669,-2.46171646463404,-1.44747624859725,-0.600834647386576,-0.179875716228559,-0.563911043259606
"56",0.736062661498261,-0.651719493405997,1.25157356776851,-0.917355632119845,1.72556855446536,0.3895167595892,-0.966815928283253
"57",3.08415551718331,0.474869228490712,-1.52593743079452,-0.960887734023743,-1.80781728443855,-0.140176167464704,-1.17715091033245
"58",-0.870864857397281,-1.52941886224169,0.0117244545112024,-0.925415540993901,1.01439763997156,-1.88694041604168,-0.422381131695549
"59",1.05596480589889,-1.16192452081504,-0.0625195962605231,-0.117524398363411,0.804340284377122,-0.691780171463985,-1.89031670384104
"60",-6.03231502849922,-2.60278982007533,2.78889723897842,-1.0756553888491,1.74987551662599,-0.567524385861337,0.599396417227838
"61",0.258823556113835,0.376493298434451,-2.47153819383506,-1.4179101027063,-0.640835900609444,-0.13176510720543,-0.568439560249039
"62",0.71288027328095,-0.654764563142077,1.32730774240492,-0.866169311276926,1.73839343510603,0.475266262287314,-1.03677515814554
"63",3.0853144883913,0.501456607781828,-1.4822667961844,-0.996340153711128,-1.69924108537418,-0.116405444171889,-1.12657755459471
"64",-0.842976802165152,-1.5500399009884,0.0615946632063089,-0.908769258022677,1.12879331682696,-1.82395063279014,-0.370970338682893
"65",1.29566781553986,-1.31868819946618,0.0119619179833647,-0.155316335136411,1.01344104342802,-0.646303981995173,-1.92546977280433
"66",-7.11552075423987,-2.21878516701629,2.7937453552069,-1.0965706711242,1.49307399950827,-0.35582636413186,0.546737626891465
"67",0.235422645989737,0.301520754035312,-2.49590733721375,-1.53968803163946,-0.57705475235365,-0.0737991512663449,-0.561904834542066
"68",0.728418956670463,-0.659304523063802,1.3136069888725,-0.85720627288747,1.67395394301755,0.461673275244034,-1.0613882282804
"69",3.14088924085441,0.363633949053644,-1.43435721424464,-0.900296889247828,-1.63920684283277,-0.0995482764253295,-1.13512267349285
"70",-0.83199244396378,-1.57227161341358,0.104734676665572,-0.970309743960712,1.18163457932825,-1.79946374737998,-0.331793588195201
"71",1.28848329752622,-1.31604924384093,-0.000978268202321664,-0.0937479321644209,0.894012935334578,-0.648952894050305,-1.92043792999147
"72",-7.07203600528712,-2.17561904235007,2.76483009819386,-1.21284568676169,1.41762057581157,-0.423930675171943,0.610596601320939
"73",0.241763549318836,0.350368201230219,-2.48887685999825,-1.41569250526243,-0.533004140881799,-0.00393171884131283,-0.550645872645781
"74",0.770414838063048,-0.698849442077204,1.36707869475581,-0.907129302552337,1.73988159143728,0.608210456058572,-1.02922408756773
"75",3.1430719270504,0.518050209674684,-1.51960018557835,-0.843611901505322,-1.78245365135378,-0.098628082538491,-1.23667451441505
"76",-0.846246767605596,-1.53770365845072,0.062349532713918,-0.961344597867628,1.17729305941075,-1.87177534244718,-0.306350138178738
"77",1.31642349008618,-1.3130584983184,-0.08894203886726,-0.141451684364847,1.00223189979223,-0.71315024563755,-1.90215421067177
"78",-7.12012903151871,-2.19524563759392,2.70797263683871,-1.1108139445831,1.44032899241736,-0.431592355806464,0.535334616709201
"79",0.242573349529934,0.360980493887789,-2.47496380893774,-1.48867879992899,-0.548993225441592,-0.116994827334279,-0.511650319978833
"80",0.715923396626857,-0.634866169135518,1.28633455377031,-0.988413129540675,1.65939290084788,0.427849287253995,-0.940783430516887
"81",3.09428301270696,0.542088752655538,-1.49893462517889,-1.05248031896264,-1.70895364570636,-0.21056942860973,-1.09630772169786
"82",-0.852403886057292,-1.48370360809559,0.0582090850907515,-0.93824528890639,0.99157137683607,-1.90597702448526,-0.309226778525848
"83",1.31533776185693,-1.25131421305861,-0.0768958087540854,-0.0151741799157653,0.837298039411266,-0.813940263695058,-1.9763098582202
"84",-7.10027347904988,-2.18348161309699,2.76027619026577,-1.10764917491376,1.52203098870052,-0.437574015809407,0.57663994232793
"85",0.248793127187773,0.35973006213856,-2.41740855657243,-1.5014133144846,-0.499645888920683,-0.0737261639691155,-0.449477644909494
"86",0.708913410371341,-0.745515595321546,1.41687743060276,-1.0127817382978,1.85124284419106,0.618675309365395,-0.915669030408405
"87",3.09429875284779,0.471833488679478,-1.48742611095282,-0.946921360862422,-1.74004314673739,-0.0248549511954499,-1.19074423094739
"88",-0.827380545478732,-1.5248948111867,0.0812651084086089,-0.855634174659641,0.929326898501783,-1.791172259144,-0.425006243897584
"89",1.32617815861266,-1.27246138131612,-0.0643919239180749,-0.074493940992705,0.904276153346806,-0.82736373683421,-1.97415311889729
"90",-7.1134232394354,-2.19852096227175,2.76840987979438,-1.20811304753228,1.57812947310227,-0.42226558801152,0.644577494905438
"91",0.0864912030518289,0.268232044853896,-2.42754946929711,-1.36690151815168,-0.700372987834158,-0.198725680393413,-0.533226772948539
"92",0.612300711022558,-0.671684603251292,1.31933855396034,-0.9976135410285,1.88564409285609,0.68562190976175,-0.935456169907309
"93",3.11694421484309,0.469144528378328,-1.56673564937681,-0.969339141803062,-1.72370952491201,-0.0285214238565629,-1.16553368831504
"94",-0.808324711060553,-1.55449791988039,0.0662988212145034,-0.984826603367607,1.15128682113887,-1.81112713002158,-0.383772475322003
"95",1.29343444123082,-1.26401711466402,-0.0286147140329657,-0.140390034416975,0.934423967541337,-0.73274092276193,-1.85342628519556
"96",-6.7403797340602,-2.42703036583442,2.9352978908632,-1.28538789493934,1.37448126480736,-0.705207735743336,0.646917359651379
"97",0.223555665509308,0.25373775712605,-2.50097821877399,-1.42742017427072,-0.626634155004645,0.0304343017887766,-0.6350247506196
"98",0.721885352648503,-0.747140491392153,1.31518917745681,-0.828754384271645,1.77125580206556,0.63225172012112,-1.02735285710614
"99",3.09479693833225,0.472516699542641,-1.5051874403307,-0.955885958353857,-1.76641840087665,-0.08105629655473,-1.18268042539479
"100",-0.870161729761144,-1.45021276336045,0.00390447549388678,-0.846633178109644,0.978025039971284,-1.96689368991862,-0.36526415013906
"101",1.32141408564664,-1.32351433200474,-0.00652253591492857,-0.121811971397067,1.04160225637989,-0.642209497570146,-1.91660677829263
"102",-7.12159711372437,-2.09670810878938,2.76868865218276,-1.13316741087516,1.45036575293328,-0.527786430173518,0.6020732957927
"103",0.229371017363985,0.352822066333702,-2.56381676355699,-1.48717778964049,-0.633390956658197,-0.113172064173191,-0.540123361308551
"104",0.728923280559572,-0.687520151462506,1.34537446476714,-0.928680542365854,1.83644912506907,0.540473708230625,-0.953310810069268
"105",3.11053366317346,0.472087553720555,-1.4478712259716,-0.939043204125837,-1.73509830134216,-0.0607817508821277,-1.18653435421577
"106",-0.909010462466811,-1.46764535797952,0.296475734081194,-1.38420459414194,0.513573209094477,-1.70470983985499,-0.0806337804897819
"107",1.30166180570193,-1.36937259027008,-0.0285986348038557,-0.180864356828496,0.894672036002119,-0.640123635360631,-1.95168168079734
"108",-7.1023303698955,-2.16844156141569,2.81286299893577,-1.13097178474189,1.41646917245315,-0.387115224447728,0.580546793049793
"109",0.254948091647354,0.412525248929743,-2.50755993698913,-1.44685972245813,-0.576563057982891,-0.212148578294125,-0.559688337867674
"110",0.730642219246069,-0.685652869767718,1.35274239895579,-0.956286182092183,1.90586158296256,0.479484910984315,-0.915099327135767
"111",3.0829393327315,0.5043332214566,-1.54514151302418,-0.955505692261735,-1.82226496563518,-0.117510540348278,-1.19443369896082
"112",-0.960639113921717,-1.44745841701462,-0.105316504092705,-0.907046233072227,1.09228424187525,-1.79252697622161,-0.368048502833148
"113",1.15854891130122,-0.983768469002067,-0.0663286612172501,-0.120105286912483,0.989927934892794,-0.655252588404496,-1.96517964306543
"114",-7.08763292664917,-2.22782919244004,2.78237275637346,-1.13459278984903,1.5163722280986,-0.350617104814161,0.601442403049185
"115",-1.63871295785194,-1.91687123393505,-0.871465542232071,0.123044310349901,-0.915911640512589,-1.19571292580174,0.2014874761789
"116",0.687232817899855,-0.386315739950497,-0.75340951623903,0.622350814278496,0.686072109457624,-0.102548755303868,-0.738079273414746
"117",1.2189230934421,-0.902023956112283,0.364093427009412,0.22687444042908,-1.47362011693064,0.285907212298556,-0.139608571835084
"118",2.38078266242912,-0.343028773398291,1.122029195028,0.249258199355419,1.10942731128185,0.0536388323329897,-0.43120206519828
"119",2.12938810213949,-0.812823479222244,0.566009109128743,-0.495244626648311,-0.124363862831818,-1.13605889394993,0.239910731410713
"120",-0.789915790660477,-2.41131749939175,0.062477570570722,0.79084292344302,-1.24944162134555,0.464964851051057,-0.253284817761903
"121",-4.61984360040122,-0.938972602338367,-0.084119275937916,-0.772964559940679,-1.17707927662965,-0.0890283905648724,0.190036725526454
"122",-1.78102121034336,-1.65349915538643,-0.692366715319291,0.1650168146198,-0.928948505000882,-1.17783999018043,0.0549594066140344
"123",0.501849378418183,-0.519021030103495,-2.28925026165132,0.312687306086632,0.903264310845601,0.327679071705174,-0.459571955079061
"124",1.53887249795013,-1.07783760563736,-0.614222526240157,0.0888247033398839,-1.71941769757626,0.309651631811115,0.228516397881873
"125",2.41696908776487,-0.257094043610859,1.64842961704509,0.37487074662739,0.994091757002078,-0.108165249267216,-0.548836000138187
"126",2.15171576534314,-0.648514675108436,-0.309403685507713,-0.433701265121262,-0.0409865045759572,-0.791680531177195,0.700605602362958
"127",-0.72843798567212,-2.30733999257579,0.962989370571084,0.978777442023133,-1.37240295054234,0.271631566103702,-0.453524503589231
"128",-4.59503456521628,-0.877612745739753,0.16969147791672,-0.668556082748433,-1.33896834871147,-0.219043124060228,0.0659221545807072
"129",-1.78193603155217,-1.67810202930098,-1.01224883753331,0.205407691611489,-0.673204340200052,-1.12085171708044,0.0758795744515274
"130",0.580110078109291,-0.290085372699262,-0.428301381209858,0.150981213692685,0.132982287572643,0.170026594815818,-0.445762464017913
"131",1.71527699459941,-0.98597112439765,-0.269987346215232,0.868922440978821,-1.20444600103035,-0.233010185519771,-0.383529179466254
"132",2.3925275623751,-0.268831430917018,1.787470755072,0.105276797189172,0.650539279001151,0.0379252186499554,-0.380499649462719
"133",2.26107729124457,-0.599556171565807,0.859568981651532,-0.318746282981039,-0.110764248991176,-1.01907755977226,0.541646155068556
"134",-0.764811843471684,-2.43122643019101,0.105092794688236,0.758595254619606,-1.21134830778745,0.485768668540515,-0.226506641134822
"135",-4.61485887578431,-0.902438972155799,-0.093980430350368,-0.72501201484437,-1.2387158737573,-0.122724695788221,0.161403044789394
"136",-1.78447951390357,-1.67639156204938,-0.99256207055043,0.107836555535748,-1.01136382783757,-1.12727796337328,0.0423982663909973
"137",0.674255937796403,-0.333552959205353,-0.754847386595454,0.55772981183197,0.696675779138736,-0.104633356896815,-0.72500094147804
"138",1.57825950359264,-0.992267347587175,0.219423052504337,0.201707101168692,-1.88115560457331,0.235432683963259,0.14631712159739
"139",2.41832251449422,-0.341428068611074,1.67227283961465,0.35232905980394,1.14837324637387,0.0302495918525319,-0.522932944635709
"140",2.25912255397276,-0.548168763071337,0.833849901389769,-0.28131779631113,-0.10389765000399,-1.0298925432073,0.559100834565082
"141",-0.80994245012027,-2.39581706919435,0.0869504540105724,0.84111780194243,-1.23499680789111,0.475919339626176,-0.208176485385434
"142",-4.46996981822643,-0.980600740259077,-0.475867743046062,-0.0811825533983005,-0.249349553180633,-0.431698814449386,-0.267946907579177
"143",-1.81033398948408,-1.67432582255188,-1.00425972383616,0.116060196975616,-0.923571343007154,-1.10934359424323,0.106267141987289
"144",0.64704224126388,-0.295156486927155,-0.796255212617456,0.637137933398061,0.574544942181503,-0.137023954644674,-0.738039746905089
"145",1.60940028719463,-1.02061108678278,0.218953779763559,0.201568656532661,-1.80849792614465,0.179646298864621,0.113698227712132
"146",2.42845904839073,-0.299297484078419,1.63574550922215,0.235730912010146,1.16742145734537,-0.0798191364048612,-0.40963263123938
"147",2.27143578673942,-0.548845368594655,0.708598623993377,-0.197189802489854,-0.172917993112076,-1.0665890554329,0.499088616730228
"148",-0.766154553747287,-2.39842977794162,0.130357458714389,0.804115790230105,-1.28323441527781,0.474755569010872,-0.276621645115219
"149",-4.58558030358809,-0.900457454741798,-0.148992557692466,-0.717762191577105,-1.19133608218834,-0.152649957739982,0.151051831782794
"150",-1.80028821591752,-1.67077492656119,-0.985439950529657,0.109757370938535,-0.905598572025799,-1.07902730338197,0.130728383320255
"151",0.656404298982955,-0.287477522266662,-0.753521378765091,0.588893490206374,0.673201422459815,-0.140176767778423,-0.694929078361084
"152",1.59853341457904,-0.983307946662494,0.114126981303632,0.270210277999685,-1.9226945142161,0.106481023205669,-0.00698200195022664
"153",2.4288959563783,-0.301670175674822,1.6737943978293,0.316599532307949,1.16712199831537,-0.0192588996820215,-0.472937405562288
"154",2.27077223019286,-0.519178739417652,0.820441747612802,-0.25643728183491,-0.153895376067429,-1.02469092224645,0.546452207051976
"155",-0.767976469133136,-2.42870667622544,0.127804879177637,0.769382486552277,-1.20457357597776,0.519774190561088,-0.232359557761467
"156",-4.62534447582647,-0.933893793190405,0.0415935947971497,-0.822894860700511,-1.24022501446504,-0.0124097697690498,0.22723719786484
"157",-1.80461187334912,-1.68301125564774,-0.954397466148899,0.030949049695271,-0.915322339084957,-1.09988371776039,0.15167916230989
"158",0.660584728663544,-0.319707233663365,-0.732763019461965,0.589460621935286,0.792718739734998,-0.0999935339210354,-0.706651767542195
"159",1.60900646059005,-0.987454863466105,0.125448707761807,0.270187241938561,-1.86913330546179,0.143581320779649,0.0604115828561489
"160",2.41603860748381,-0.278738450003914,1.62265099993261,0.363109240364076,1.02946146131137,-0.0583447647970862,-0.540134009372936
"161",2.27392667516239,-0.525764904950315,0.784111346710536,-0.31484190791219,-0.234835985781726,-1.11769945970806,0.573181669332906
"162",-0.764786788638969,-2.35536819550811,0.00950605869697375,0.798962997636735,-1.22140220100165,0.384310743018081,-0.191793841440854
"163",-4.64084801252451,-0.927041773323418,-0.109203669297476,-0.731881940116312,-1.15836265671955,-0.11402982029675,0.150269887602628
"164",-1.79649432096594,-1.62748879265281,-0.977086422931705,0.233500018172614,-0.989163696854125,-1.12463076010841,0.083664782552586
"165",0.641168563552382,-0.296666289877796,-0.729696358600701,0.577420203932763,0.738017588495057,-0.135655586404398,-0.70482567623545
"166",1.60679509352856,-0.968992268424061,0.163872315757046,0.297204357123248,-1.81174353077553,0.0955067231810722,0.04741992563119
"167",2.43121650872144,-0.274933364388427,1.62997823896191,0.30236585181736,1.08735929748336,-0.0741791265670244,-0.45488269145983
"168",2.27102878666544,-0.576731330083383,0.795293303736499,-0.307285916936088,-0.0161794478705952,-1.02914483497728,0.572342380334549
"169",-0.820137140927148,-2.43826596560842,0.0594980435441256,0.791250539630582,-1.19632154219907,0.492049703585383,-0.241172146252728
"170",-4.59960760558012,-0.883412226564271,-0.11916751805585,-0.74258581180601,-1.19100029546403,-0.169603775721644,0.190538988874554
"171",-1.81765785280202,-1.67586468113635,-0.95068189760064,0.109315955160384,-0.796665015536954,-1.1240681752919,0.152863033878861
"172",0.618962395874384,-0.329475658905968,-0.716152929458688,0.600081152051445,0.641942307248261,-0.0587975897028207,-0.740952822338866
"173",1.57033414914143,-1.01736660290187,0.188871462186568,0.19708126399679,-1.86342156108823,0.184365228989841,0.0911801700953615
"174",2.42380995185007,-0.241348845624209,1.5850082172553,0.429693969014196,0.965032188637038,-0.132327199653082,-0.572450019204836
"175",2.3239988265953,-0.588515082427233,0.82718560345196,-0.255068932372837,-0.130983363507075,-0.99935912242697,0.519462988686486
"176",-0.812856125465642,-2.41327897473214,0.0038953153529906,0.770173452891125,-1.20802934694376,0.376921972256066,-0.248886151623074
"177",-4.62733489043543,-0.964350562686258,-0.0873424673618942,-0.861796805237229,-1.11454779884938,-0.113094738907244,0.225862071576831
"178",-1.70156834458049,-1.73650496101765,-1.01247712112794,0.154239999694619,-0.875209717641817,-1.11593112389929,0.0709810045889568
"179",0.582880723969039,-0.633278876046272,-0.646107185571497,0.74955308163683,0.711990890916851,-0.101822328734414,-0.680708091344836
"180",1.31909063618742,-0.861062060501056,0.189963368479299,0.222538091495072,-2.05923470291856,0.202051005282489,0.0248594175131206
"181",2.04034827690456,-0.133056794328665,1.68119822774989,0.284581031332462,0.965578272126028,-0.00571547714363604,-0.458129842881854
"182",1.89337466839536,-0.37467358049449,0.781994246096354,-0.245669023952677,-0.202568675125977,-1.05360903366827,0.511355997018738
"183",-0.771972463759911,-2.42893608061755,0.0689817147736256,0.778938828217481,-1.18158061280377,0.482208016096057,-0.248854140077141
"184",-4.62734902686821,-0.946291490349969,-0.0486104384600319,-0.854392400927694,-1.14086036153049,-0.0856783123252099,0.23053551054792
"185",-1.76492280369434,-1.61520757680326,-0.976959055049319,0.141567453127633,-0.935559269326505,-1.11549788558975,0.14682005509786
"186",0.638861422442524,-0.377883485225948,-0.782791408796149,0.639582658263946,0.729452460625806,-0.00729044895491654,-0.757743751089997
"187",1.62012052910408,-0.930962317532306,0.176898562108685,0.21100519155463,-1.83661067509114,-0.00112668441102814,0.109146668291109
"188",2.44081127830888,-0.292185109177719,1.60907905223809,0.310100926409351,1.042115840974,-0.0258683610939708,-0.51031875349576
"189",2.30763103949233,-0.552438429448448,0.847386991149579,-0.241701561035519,-0.0720336435190925,-1.0097117779791,0.523914755991799
"190",-0.775545057947649,-2.42705116032665,-0.0151870148273114,0.76927962203363,-1.2939575064935,0.454265020582235,-0.299362280080126
"191",-4.62311128978343,-0.924663201452169,-0.0926328644508658,-0.708225604580943,-1.23435409788568,-0.0852823454781183,0.173489299465702
"192",-1.76716275453501,-1.66622956178384,-0.951398422233323,0.0778131335183212,-0.866988328809922,-1.08766331809744,0.112970224309685
"193",0.628702644690116,-0.334468823220708,-0.842279335281318,0.65978546926955,0.656784570198185,-0.0647621316777343,-0.803787556336208
"194",1.6386370458145,-0.969239179503091,0.154788296002273,0.2782617655033,-1.89572339748359,0.0918208604812246,0.0446068658284705
"195",2.42625799658575,-0.27183522933546,1.61015174699323,0.407345010422079,1.03887107909474,-0.012498779391293,-0.556503348280905
"196",1.89749660873842,-0.444485896862011,0.821376859766465,-0.372781658364693,-0.201208519950416,-0.99907727399788,0.51260297860496
"197",-0.786935595927147,-2.40595031587618,0.0857264523972943,0.8162013231396,-1.29251254685235,0.471534935129872,-0.276686729332343
"198",-4.62421267500589,-0.923406397206452,-0.0501550771882118,-0.791164815869711,-1.21597856480526,-0.0594386155651786,0.20488224193181
"199",-1.80731356513064,-1.70796829613882,-0.949160051976391,0.130950648039757,-1.00601349312412,-1.03858691454851,0.0726528708123614
"200",0.659746403872633,-0.330664308194567,-0.736313098887043,0.543176308067838,0.688200628612328,-0.0977289957136292,-0.729600967214096
"201",1.62927985270512,-1.01511451034571,0.189942586459302,0.254248478913294,-1.91274007270045,0.276626526987066,0.0265178227773332
"202",2.42405185599018,-0.341569194802397,1.68715586540117,0.314545182645676,0.977832592319034,0.0227812352666476,-0.598276682936564
"203",2.29051421046215,-0.539784075271762,0.8397725216402,-0.274312980079759,-0.0739202289670582,-1.05727025283904,0.535891319702026
"204",-0.752406220755851,-2.43484870832211,0.125522581171998,0.739185586420936,-1.09814912723607,0.533773347880489,-0.213832530346517
"205",-4.61632598647594,-0.917539334365462,-0.0563504692163115,-0.658396350085999,-1.0747140053615,-0.0576827886109849,0.105000802393723
"206",-1.80616378983053,-1.59592030554938,-0.998451757180189,0.124500228629845,-0.951455752946724,-1.2153138030888,0.085212392246488
"207",0.659769661018806,-0.345054178965217,-0.753662503948121,0.60861544938582,0.77886858575226,-0.100308129805113,-0.662522991978447
"208",1.61624062366072,-0.917460874494328,0.120280991949323,0.295893236643591,-1.94041152937139,0.0262317774983719,0.0462919069861095
"209",2.41155977500923,-0.288592059621851,1.64670196902786,0.2945972315146,1.11291917529808,-0.0155016799063181,-0.48874058324774
"210",2.27397949287299,-0.560572852267573,0.820177370330809,-0.263829131869411,-0.113463599582208,-1.02243768905111,0.56269053862336
"211",-0.791992933181731,-2.4411539410347,0.0756176607751996,0.841428413337327,-1.22284688476938,0.532331965937219,-0.311352543425324
"212",-4.60172267016293,-0.889844438532751,-0.00287008024686908,-0.800961773061386,-1.15730242887335,-0.0553539205150446,0.241469257367136
"213",-1.823832646122,-1.65243957073316,-1.01607334269287,0.0306857534622849,-0.86811697034475,-1.12979342617152,0.144208637077594
"214",0.653577823973276,-0.27828560357842,-0.783170438492889,0.686721834354058,0.688874203278351,-0.150221651970595,-0.770252349841777
"215",1.62983530309794,-0.959779756723931,0.163538563130187,0.283602725103964,-1.92293915532433,0.102559217503172,0.022416078563999
"216",2.37362414172709,-0.227089318112645,1.58395683633746,0.451313287053512,1.02097894735859,-0.20860322020272,-0.562751917809497
"217",2.26892305849671,-0.460470457613363,0.864735147214597,-0.158195471537314,-0.213665862118352,-1.10950841840962,0.494482001898064
"218",-0.745564021186495,-2.36294073066229,0.0198685518375837,0.777879092319274,-1.29745282326425,0.382423815261638,-0.28282398354626
"219",-4.60321497317354,-0.965470959485606,-0.0811560101372554,-0.729108520727816,-1.04965286941069,-0.00847699383417289,0.200138229239296
"220",-1.76356491215477,-1.68719126112873,-0.891734784673397,0.0376501216426773,-0.875934163685809,-1.05172349080087,0.238386547120612
"221",0.657091442940985,-0.358816441783957,-0.815420302500066,0.651151932922707,0.677698515347239,-0.126905582902494,-0.777717202035892
"222",1.62322224301832,-0.963363654840783,0.165567634756571,0.282684075070579,-1.93439409605699,0.169731844452274,0.0644693444173428
"223",2.41506813512774,-0.328317927892589,1.61285940779795,0.283608395510322,1.06405197253327,-0.0671915458060503,-0.500351251592387
"224",2.29109024085189,-0.578988404579171,0.801634581995161,-0.283322465916264,-0.167473017330424,-1.00128659446119,0.53599925311994
"225",-0.761487739731074,-2.40638018671247,0.0705013762878794,0.685315757087891,-1.186314772351,0.429147054767528,-0.160281616428291
"226",-4.64036609150002,-0.995371913929252,-0.000455616338628451,-0.82483035751195,-1.13071332901912,-0.0202466083499989,0.199232971708685
"227",-1.77766575324381,-1.63556218868195,-0.934623408172476,0.155231111468065,-0.899620454101388,-1.09874611901174,0.144745967798535
"228",0.670288906498597,-0.277082031385231,-0.785172688324745,0.561670692511958,0.704565650350035,-0.168633103041305,-0.701501358431239
"229",1.62670940625648,-0.973194800777012,0.161300071718188,0.206213929529093,-1.7776420562423,0.0928010483619873,0.0944484114343446
"230",2.42109199258714,-0.267149322001125,1.65292578988306,0.367889068438373,1.03542075790203,-0.0903408813818215,-0.465406631608035
"231",2.27901368935929,-0.574653032213014,0.719907917714767,-0.290950253160191,-0.127486954275665,-1.12793085145672,0.570192145505315
"232",-0.795949498974188,-2.41281091056758,0.0327986268295123,0.833564481528532,-1.25786577623309,0.521436382544963,-0.282036332791681
"233",-4.62820312553385,-0.944176178734044,-0.0520232932297261,-0.813440695332668,-1.0771587377384,-0.0680070285051597,0.241054670875132
"234",-1.80057124903102,-1.68866320318942,-1.0168711175958,-0.00849991600407639,-0.760713078519443,-1.1412648650118,0.270686849184383
"235",0.639198215801821,-0.273935872672613,-0.776386508868429,0.577499432743473,0.665023013039841,-0.140666242871583,-0.728519981258693
"236",1.27534106204076,-0.933971372988047,0.160256228585407,0.379763540448549,-1.59266974130668,0.291365709032808,0.139024317313609
"237",2.19387159786963,0.142634128284739,1.55468067321342,0.358800973122146,1.05397363563649,0.12279454558299,-0.661173168642965
"238",2.24715788992583,-0.598356226405697,0.841331063870925,-0.316197621850775,-0.153423386023097,-0.936770306449391,0.546801982385834
"239",-0.81891478709783,-2.43500898939732,-0.338447572157433,0.662837934335615,-1.13380734987526,0.466477362107509,-0.122581541137552
"240",-4.1818825939392,-1.3579019710215,-0.356577439025426,-0.298187797033762,-0.298220349189436,-0.529224801850598,-0.199701283955446
"241",-1.82147154576386,-1.71914178812373,-1.05169388826409,0.153050534239097,-1.06352245117976,-1.03982997177037,0.0821951551496076
"242",0.644976131643592,-0.387718585750794,-0.774974452668049,0.637017751122214,0.660669218760967,-0.0237442671338949,-0.807562480782369
"243",1.59765276305371,-1.04117390148695,0.14853870543472,0.201221126458706,-1.82768011144503,0.178783951693542,0.0548253189021595
"244",2.42946604339515,-0.339585741780851,1.60117124076744,0.336225442304388,1.10734659696576,-0.0374242259648197,-0.503438235884982
"245",2.2980656757196,-0.525829578349437,0.847014153038781,-0.289014799436303,-0.0837247665803988,-1.11532355351618,0.585572475617452
"246",-0.791629692491726,-2.40207286207828,0.0594706654265421,0.812955074008183,-1.33063004018337,0.432020748762667,-0.31373970396506
"247",-4.62090171222132,-0.970831226896204,-0.189085546103093,-0.722588704741018,-1.298897248411,-0.103710039261208,0.128307953884416
"248",-4.4097327472848,-0.79384847725213,-0.937699314823248,-0.986460338903441,0.627326806091881,0.77962788629106,0.594172998467309
"249",0.0957792015649859,0.754169325507558,0.228833112521339,-0.580254959989816,0.945850371566223,1.30367857872735,1.21614043777242
"250",1.72091950923507,-2.26354397831556,1.59711760355671,-0.053036436873691,0.716933449856955,0.699325514737456,0.67810193817755
"251",3.41661421975365,0.952577950240986,0.522731655685904,-0.269514050237241,0.724862929727301,-1.04995222228181,0.949066424711765
"252",-0.360047323903036,-1.00398897119273,-1.00859968721195,-0.582777688675227,-0.244745755042334,1.04173583435628,-0.897877249742055
"253",0.877336555096394,0.758033245344102,0.255703010748888,-0.271668863727411,-0.083269618001189,0.0481035582194991,1.06470956260309
"254",-0.154790909809109,-1.09757042716156,-3.5026643172123,0.605270565319438,-0.26591815011146,-0.571518069840502,1.32428313546749
"255",-4.67939937969973,-0.83653408605698,-0.98815446793981,-0.341331547155477,-0.857491981954427,-0.891579106213007,-0.350048851845917
"256",-4.6640184917862,-0.632116426637523,-2.15946465236519,-1.46414371624939,0.757451628392506,1.24859432970655,0.805605609810216
"257",0.0150369958714584,0.615380973479882,-1.07795325775475,-0.780342796267209,1.15830391808667,1.57029990577543,1.43232155312581
"258",1.70572132496109,-2.33420718558461,0.962029837432623,-0.190133597992614,0.773798306241523,0.879018774592413,0.754587941752252
"259",2.68449029695888,1.01243780018414,0.958204048807826,-0.118571326556022,0.397009130078985,-1.23285104671771,0.993106696311805
"260",-0.300541009757174,-0.977003194692894,-0.498320786908375,-0.505161692658948,-0.388238186049782,0.906324234910373,-0.985898283161141
"261",0.738497527082941,0.842225274185563,-0.40701241846188,-0.436792637410308,0.0395225741172728,0.250600709725015,1.17462052766593
"262",-0.10527056963372,-1.03984329590511,-2.77813207560953,0.706331816420731,-0.443945227267864,-0.747419282468622,1.18404085901096
"263",-5.76799788039753,-0.26697500573704,-1.63176484595338,-0.311722755423856,-0.866187028075626,-0.485695875425628,-0.316623764467388
"264",-4.52812364723607,-0.470300214306204,-1.03356321074853,-1.13391852720435,0.527014603641735,0.889715905985213,0.534252575448661
"265",0.0928348799874952,0.717679929842739,0.283984745635796,-0.658494255047993,1.06225673718401,1.37523160148658,1.30478812512237
"266",1.74765829885788,-2.25147029288346,1.62605972375851,-0.116376967501715,0.723009259521733,0.760694431252926,0.729359994826752
"267",3.47183135530106,1.07232227341247,1.14743107384542,-0.0848768831213589,0.434951375327459,-1.28440858805073,0.736397737269187
"268",-0.293632908606014,-1.01285623558158,-0.953292539870781,-0.548821889001526,-0.210539091448291,1.02380540694148,-0.906391313143557
"269",0.840351404544726,0.872122320527746,0.29168847281554,-0.440008800958361,-0.0206382850362525,0.148977469659689,1.08221305802633
"270",-0.147479458603559,-1.11720035982384,-3.46574828397768,0.57946477728995,-0.23699422767812,-0.559352037236661,1.3544106464377
"271",-5.68252315571155,-0.197362842272132,-1.09213061287159,-0.261800405069636,-0.913291881863495,-0.587099246972057,-0.361740254573268
"272",-4.42111498324416,-0.569733270855791,-1.55553687720751,-0.357443890955028,1.73387961756228,0.548893489104014,-0.0161403533845388
"273",0.288082457151239,0.656580385358548,-0.318684573110256,0.276581491969841,2.25441699950917,0.891734712128738,0.664583649932062
"274",1.77760049531532,-2.15756873604677,1.56910938131247,0.0880647690790865,0.515682385149513,0.643084759191398,0.598560653119009
"275",3.48848630734772,1.00855520462154,1.11230748942997,-0.134418049157315,0.553668052386175,-1.26926412750731,0.777000077066646
"276",-0.332853126683054,-1.01729122473779,-0.997734189514469,-0.590136891726784,-0.181132184835671,1.0349223153011,-0.896600329472381
"277",0.853109644259901,0.877453956921941,0.216068821579819,-0.34072124786842,-0.107334654541141,0.122769601037764,1.0241144504856
"278",-0.14280742101911,-1.14946821185588,-3.491004581628,0.605072623827337,-0.335130395315753,-0.529968561799715,1.27481023661306
"279",-5.70130715432104,-0.194113090076001,-1.08993391208177,-0.254377813856014,-0.968688928723479,-0.57425200274912,-0.383205676415981
"280",-4.53827042441246,-0.441334770924727,-1.06971738685002,-1.1081151866594,0.520846341275392,0.858841280243967,0.486663195863019
"281",0.131096944864985,0.72850099964005,0.279883913963769,-0.6215099057448,0.986306185855957,1.33637577664654,1.24867853069311
"282",1.7560453607158,-2.24685599262992,1.59511156809863,-0.0614097540866022,0.766697753824054,0.689838658255698,0.689577303114558
"283",3.45698486975779,1.01998713909907,1.27156969608145,-0.184120451877124,0.665930468989117,-1.19508177848139,0.844845775495669
"284",-0.332499576023882,-1.00967939142021,-0.976073741858842,-0.529119533255394,-0.193137379985769,1.02759633886491,-0.933204568595307
"285",0.838068029601792,0.933955853501962,0.182336355587828,-0.343906737636279,-0.208043316522708,0.0509806486091418,1.03921928532109
"286",-0.170986576709619,-1.18805007522372,-3.5687517834464,0.549771632499536,-0.289658556596284,-0.529566250013368,1.32211616367192
"287",-5.73023204410202,-0.35823609022938,-1.13120932087218,-0.368423493076008,-0.822808464951566,-0.500340169529703,-0.343454864551566
"288",-4.54404421304993,-0.509862890896285,-1.04316978837071,-1.19184325158259,0.506513971754364,0.92439595237875,0.49286459024719
"289",0.0885128600845467,0.756950937246821,0.192150838751296,-0.556473537222086,0.905639028688459,1.27368402260037,1.21231538161367
"290",1.7533119088737,-2.26020930180896,1.61996057278816,-0.0825065992744749,0.744478009642273,0.741769516443925,0.718461779118453
"291",3.47196739011065,1.00755727727293,1.21001296353625,-0.152453040065046,0.581355964421193,-1.22027511584984,0.792045321473743
"292",-0.307012966587277,-1.00963087249422,-1.04517862283321,-0.585285488953284,-0.311387794642721,0.942226175113379,-0.938850440444401
"293",0.83186993689976,0.920009040884487,0.236875173213294,-0.398476841157053,-0.0644945831655286,0.0841072054925122,1.07331079363118
"294",-0.164124540769214,-1.12669482604511,-3.47636903395678,0.542298996512683,-0.236786357398721,-0.565095356232284,1.36302615000416
"295",-5.70887906170322,-0.238886112202073,-1.16997143430327,-0.266530483571064,-0.946367564348856,-0.570515491423008,-0.343330789132309
"296",-4.53471770504075,-0.491842287807621,-1.02487704280516,-1.17352441127094,0.52798969105634,0.924435938972728,0.480945231584915
"297",0.0989024125517042,0.789258990562768,0.178109086179427,-0.526568992873351,0.836986078925178,1.2704202564608,1.17611467329729
"298",1.75450922498669,-2.19116600624422,1.56205528676458,-0.0541027139201585,0.668408687953765,0.620639817265919,0.676469443351019
"299",3.50268420791507,1.05139573561043,1.16812331250963,-0.153455265767555,0.670138920106555,-1.28802797338762,0.857629434739479
"300",-0.32450390219136,-1.04579022722284,-1.05561680123747,-0.538699630215259,-0.221472432190903,1.07161085231353,-0.910883111524312
"301",0.859569821324695,0.962883940491151,0.193417275808712,-0.344370205534219,-0.28562742251117,0.0700264640881654,1.00828596228226
"302",-0.16665553258934,-1.08998721635323,-3.47824369836729,0.559871329064857,-0.277217228917226,-0.577186604516167,1.35044691306734
"303",-5.72333303833954,-0.245953386319961,-1.15811875916303,-0.219952888547949,-0.991425701619809,-0.554528305846177,-0.4282796986364
"304",-4.52269240083594,-0.392228415003075,-1.0863058540239,-1.11010226292365,0.465004583025701,0.79760084783289,0.457625552246436
"305",0.106216749079037,0.802006264429977,0.222756150854138,-0.53494135366601,0.957927259048887,1.18935922734126,1.2200474295167
"306",1.74688082851402,-2.19966764049124,1.58210661250786,-0.115691049706729,0.759306391534771,0.667166893035549,0.822006672782541
"307",3.5152788454721,1.02339597835159,1.18294346014013,-0.146619252717335,0.629052162563264,-1.21488509022386,0.852839895111664
"308",-0.308418538699585,-1.0700057268909,-0.944238370744261,-0.653435707679087,-0.236070669819511,1.08778373694211,-0.949161067727818
"309",0.787586453904934,0.970565437390308,0.482018970411686,-0.620481994839703,0.021294971576034,-0.00660833170683245,0.677202768408208
"310",-0.490777393556899,-0.751198595529724,-2.34181831511398,-0.538187702759762,0.363845935830597,-1.17852577019095,-0.557403928176477
"311",-5.59722865047896,-0.486307680809351,-1.02179640890105,-0.482754059835754,-0.274267276817396,-0.171133299836809,0.406423812871125
"312",-4.50735094499673,-0.433295929693681,-1.05557339123061,-1.26256070782236,0.586981242167011,0.786198841173091,0.635681518925613
"313",0.095870001027814,0.715934336431327,0.277937293291979,-0.624447755857696,1.00822184842428,1.3610079682904,1.25364464563294
"314",1.75130382841537,-2.22186403458682,1.56235519870853,-0.0333806011688796,0.710618133502806,0.642271342432191,0.67433029785712
"315",3.47540289578379,0.984416717793395,1.14618698224973,-0.125120275876493,0.653759287534939,-1.24933585231067,0.78191123749408
"316",-0.279692473630465,-1.07838039788642,-0.955505323681321,-0.625955299546467,-0.226864077320363,1.09638183459027,-0.900396241566309
"317",0.821894348458953,0.927711175533835,0.0955867137000208,-0.287164452901571,-0.27616001549054,0.0340340119163993,0.945793967469309
"318",-0.154378690665715,-1.09509096833341,-3.48294095945174,0.616690947308234,-0.354525289404054,-0.642295926577828,1.3172381773273
"319",-5.70620187714713,-0.219741312173427,-1.1984339660999,-0.261008381143538,-0.94478830196092,-0.629125682108579,-0.348321381514965
"320",-4.51183408148068,-0.529930043502756,-1.03619932516547,-1.17000013748247,0.566687924620424,0.964746658175348,0.465105561423503
"321",0.0917756344333477,0.747926193422229,0.303646601644621,-0.599859092424149,1.00722736097357,1.40170830667288,1.20290289798774
"322",1.74311150247238,-2.26199453861045,1.5440224112689,-0.0713356380346784,0.723067246463291,0.736662347629771,0.686608112129081
"323",3.489404950065,1.06756385619364,1.23895123185957,-0.0859760881100159,0.573449536588697,-1.27344053492127,0.798888105793282
"324",-0.319243740065157,-1.02310060180859,-0.942329607545052,-0.605710560462277,-0.239021834325316,1.08332760415401,-0.898692913420547
"325",0.834264551230336,0.904576493936234,0.180140895814124,-0.34907796386304,-0.134865909672099,0.075266133437641,1.05946222436849
"326",-0.166885520981754,-1.11927922947874,-3.54875275740701,0.573746046672712,-0.314641126333726,-0.568895277676213,1.34665567942398
"327",-5.72843048598267,-0.181347999652074,-1.16177408446701,-0.233573177448796,-0.979553880917931,-0.646607279095187,-0.406988092881657
"328",-4.56571668311408,-0.450089201860579,-1.05595593997831,-1.07023913636528,0.525708383527705,0.910095781735525,0.423918197910683
"329",0.0928892133197768,0.718723606032571,0.308769992623559,-0.606711038511107,0.99299318952725,1.35960335586546,1.21609896897569
"330",1.77564432609978,-2.28942036683655,1.57903144034299,-0.0751127892858698,0.676506804982969,0.756062918921408,0.669910073235813
"331",3.48539299996049,1.02961616356843,1.20872509706825,-0.109560040456436,0.575675181854967,-1.20898428588433,0.798951716036869
"332",-0.311331347095237,-1.06248923419188,-0.991735059371926,-0.645631619461766,-0.13339270374222,1.04055814795008,-0.849441577697199
"333",0.85193383418754,0.971113053273727,0.189443041644055,-0.291467381524447,-0.217635787504534,-0.0263212614845417,1.01555367172214
"334",-0.146169365865115,-1.12460152908267,-3.474635544095,0.580664141791217,-0.306993593030294,-0.595997854549792,1.31708784167995
"335",-5.71860748973855,-0.272531556258454,-1.11454440936172,-0.284937092180649,-0.897453915745879,-0.569161651623656,-0.374260441093879
"336",-4.52164549714748,-0.516123823602203,-1.03273688037735,-1.17584100944638,0.505435428962112,0.960531064251036,0.475031206131831
"337",0.106054954635385,0.780223126632752,0.254672385147966,-0.579588317642586,0.883264369615273,1.2089698254684,1.24318869857421
"338",1.73742010166524,-2.23571967197241,1.63058291961974,-0.0454395414435064,0.667627502527805,0.704932494045375,0.686875719597408
"339",3.46977825057517,1.0191544955358,1.24306256750863,-0.189081790845376,0.644256189557176,-1.17776667079355,0.852062935070368
"340",-0.303462384175797,-1.00670146968613,-1.01816527484221,-0.693125114502424,-0.208323177323805,0.977605010390931,-0.805983023713253
"341",0.839107641170843,0.849766238050505,0.231728929254441,-0.390943095213547,-0.0765171969207705,0.211130208241464,1.0665328413476
"342",-0.128387000622309,-1.14738621118081,-3.47307899308152,0.721073763398966,-0.335327166271327,-0.523201198222849,1.19286915298444
"343",-5.68943776652195,-0.154820656896751,-1.09665325553509,-0.259467940130832,-0.946740079830582,-0.600052376936377,-0.378009406265793
"344",-4.51793489159195,-0.495607725990696,-1.01677272176429,-1.17013109913425,0.47382412423379,0.910564246969154,0.522381631053388
"345",0.113123128364375,0.810693323881895,0.238946772156907,-0.494933534751692,0.788726946543245,1.22232326041595,1.10697106577573
"346",1.76794249196546,-2.30035705320762,1.69741105284164,-0.00931090715811356,0.775364124204156,0.857368091049506,0.654291757679803
"347",3.50139416694064,0.985986236450675,1.15112416781847,-0.215013555932539,0.684432789748434,-1.21965523743112,0.860956258075547
"348",-0.339421129476894,-1.03984113651221,-0.955230506783157,-0.604834194754303,-0.222965215388541,1.09840723419027,-0.901655405453658
"349",0.835770032499865,0.830323836909352,0.217400386950115,-0.364185953092367,-0.0621187837013208,0.18870386320617,1.0280020747225
"350",-0.182383640606688,-1.18496357243526,-3.46503885148483,0.531162844861013,-0.328982980183725,-0.383208496562951,1.28880351294247
"351",-5.7036590360462,-0.252798291118082,-1.06851645989832,-0.294810881433915,-0.837968650465416,-0.496908143555991,-0.324942089964341
"352",-4.52950944404863,-0.513770438967808,-0.984176915134694,-1.17871816603754,0.620513967664147,0.975088705722519,0.544000246635152
"353",0.086019765492339,0.798501327175412,0.266440045175162,-0.597053868604844,0.881147225055551,1.24520379433216,1.20719851358452
"354",1.7515047134193,-2.25417796878964,1.67743282819743,-0.0688404673612443,0.760361607995362,0.783387552904659,0.714375555529227
"355",3.505599762262,0.968526321727397,1.24029216674044,-0.135032861580034,0.724150047420482,-1.13119313360573,0.805293100472708
"356",-0.300028453443974,-0.953298240077123,-1.04714049601548,-0.556683554617108,-0.290544145227121,0.929287532082394,-0.867451856692137
"357",0.821281005507303,0.91052538046443,0.263365010965003,-0.399327750252777,-0.144588061862544,0.0621417942556492,1.05982337999657
"358",-0.194213813838347,-1.15873279342043,-3.56782167919368,0.550106303366943,-0.32763664095632,-0.549573087283484,1.35162045506765
"359",-5.69365344645878,-0.302559702497708,-1.15280776192966,-0.309365926657855,-0.90187189501766,-0.508163256516791,-0.35457210490898
"360",-4.53762141735122,-0.495627398477863,-1.01522218171064,-1.1974777237671,0.504154497411252,0.94254788741549,0.528035958983554
"361",0.0974222694716264,0.656395152983098,0.228229780498523,-0.650632468267149,0.973853019774016,1.40542251666677,1.24868958894503
"362",1.75950667966144,-2.18327444499125,1.56479082278229,-0.064419866145146,0.633116132553917,0.629856782751907,0.682983148376097
"363",3.4916681353612,1.02094567899691,1.22973375911371,-0.0743361321661507,0.526330350763284,-1.23371921910895,0.707934762101399
"364",-0.319296195226527,-1.09134727657892,-1.03820776964665,-0.700804302004929,-0.0865959841858994,1.05898368559669,-0.816663999469244
"365",0.804031265550862,0.949343186338026,0.232852816995788,-0.342495577936093,-0.171984793428752,0.0486494129697311,1.03456670149
"366",-0.0918727386339727,-1.11126880308593,-3.53358931672805,0.618924700007084,-0.270782630607988,-0.556854973565296,1.29625678868869
"367",-5.69825997101763,-0.242315290784226,-1.11076271255638,-0.255942490953555,-0.913616813616387,-0.53227371071921,-0.412672949576905
"368",-4.50393127874848,-0.498830127883609,-0.985003749583738,-1.19869364325931,0.601375469266276,0.932983825717046,0.54927529671878
"369",0.116182785970192,0.81147739167612,0.291981700004215,-0.610281962006302,0.923288848145753,1.26217933116389,1.25510037096938
"370",1.72758973225627,-2.27452335577174,1.55963385602065,-0.125126230544829,0.746578327506072,0.694635613132527,0.716155029939382
"371",3.48977915160102,1.06044110911915,1.20570659902764,-0.0855277037360147,0.503966755337776,-1.28457756909732,0.792589894715357
"372",-0.297066665968799,-1.11525205754327,-0.986979240147227,-0.553325142886296,-0.25223953357242,1.13483625309135,-0.989573197227294
"373",0.847159891248332,0.958394259586335,0.230270337590215,-0.355505097122315,-0.178107598741753,0.0758701542240269,1.07519498499797
"374",-0.178161122476821,-1.02530568507537,-3.46744216617118,0.620295587002004,-0.284846789908311,-0.721314341486717,1.35778175999671
"375",-5.04924053906201,-0.0972633784761343,-1.16815540167994,-0.453930049472507,-1.20682169588977,-0.195632860328316,-0.528294001330055
"376",-4.54462764669158,-0.452835706143988,-0.984999556011059,-1.15066442397109,0.475673414072736,0.855247590805614,0.474857055022949
"377",0.130713319885535,0.776490815424691,0.215945666780153,-0.626539335628794,0.948957681780414,1.21513770954352,1.22999650223339
"378",1.76724251445533,-2.13574313118389,1.56020870292348,0.0645194189539298,0.68605832499539,0.538853784384844,0.606085129652553
"379",3.44403122879177,0.960098952537851,1.26450879627586,-0.171319492031992,0.668252462104051,-1.09128287229794,0.823615751170159
"380",-0.289084810152436,-1.07691215996623,-1.03911011538047,-0.563625830635515,-0.143148763203576,1.09787309914885,-0.936548037754563
"381",0.844402459387632,0.860082859890513,0.25784690346994,-0.444376828978339,-0.023229932996244,0.139341147588364,1.10002857293109
"382",-0.237665254644399,-1.03204801202057,-3.57958548412454,0.639948675808783,-0.271482325025794,-0.420999514519675,1.28736251733482
"383",-5.30098697535436,-0.732289069346083,-0.98517023413064,-0.252001223373637,-0.975251652852577,-1.05798789510366,-0.144157148213918
"384",-4.54675386182535,-0.386555331296359,-1.0612231028562,-1.16585599078689,0.534908141453814,0.723319833880062,0.547649750371397
"385",-0.224780484553092,0.197452495466369,-0.397905719069822,-1.08510957477315,0.915884798654315,0.997877744583098,0.526483188102945
"386",1.74266304877653,-2.29245228922289,1.5350142178817,-0.161377465694762,0.807752954980378,0.666932570078519,0.765613567850861
"387",3.47120678712848,1.00102612804377,1.24822070154929,-0.26735985310909,0.709310389084015,-1.23866112111833,0.90871857998819
"388",-0.326023254371925,-1.08721251533864,-0.952796556846789,-0.571742077003535,-0.255330700353918,1.1536227388008,-0.894343683791015
"389",0.820583273436402,0.889801015632984,0.183940262296587,-0.397819677332007,-0.188809547184143,0.0789139170677185,1.04853371068978
"390",-0.147094705611752,-1.05395001292685,-3.52001108772841,0.647652762408173,-0.280696611794917,-0.706999822458997,1.31971344923715
"391",-5.704615778108,-0.209955921368281,-1.17919560187597,-0.305516238958534,-0.954487528962704,-0.672787317678951,-0.377992341294587
"392",-4.46973239897824,-0.665710100677627,-0.991959835264494,-1.03055236604086,0.581876894030905,0.895623546660934,0.540363932289383
"393",0.251556313669796,0.663832689765144,0.280341577489156,-0.557231522803481,0.881207995992291,1.2308612685975,1.18727248964927
"394",1.43313103312129,-2.19965704701628,1.56138797175369,-0.0910559255556782,0.535726048016991,0.869856372450024,0.623699145197591
"395",3.46068033018374,0.983118543926902,0.879766307993745,-0.277489098690095,0.782958162973926,-1.10557716594038,0.951212040736922
"396",-0.301681016607282,-1.02746501131523,-0.94375430828019,-0.548835037499013,-0.262453297712358,1.06964545538023,-0.913455159086491
"397",0.616742028616202,0.752699872551288,0.295488760339541,-0.344869846135517,-0.160745990966114,-0.0682207444940629,1.06204377372189
"398",-0.151861662903578,-1.1290558683833,-3.4553525521767,0.54385625191779,-0.331235394949064,-0.546325071743864,1.36616027612839
"399",-5.70335237846992,-0.233069610494701,-1.114885747601,-0.306332279102012,-0.978475651195993,-0.593689753259401,-0.359015368992353
"400",0.565647651777534,0.49089684481107,-1.76606164592795,-1.20957959302756,0.263834755901521,0.404811626255917,0.406200061202001
"401",1.13051367982704,1.07706622424021,0.198524043507012,1.80237882436713,0.713813762167813,1.00498195572175,0.536799842600818
"402",3.09668028732956,-1.01877772567387,-0.83723617358981,1.26608957177838,2.17291559247748,0.419642205619183,-0.498880924778943
"403",4.48297412642199,0.670576344165433,-2.08867392314541,-0.683719097675676,0.839334274610473,-1.29537951000961,-0.000809130414969328
"404",2.28770546110688,-1.13144986038819,-0.180567333272797,0.82536423854849,-0.166804724379548,0.537551902878234,1.38053390863129
"405",0.613992036214901,-1.90145242888156,1.25935965943437,1.99530255354381,-1.35687228559419,0.744534833261259,-0.55485399593222
"406",-2.46842813424745,0.275386811546344,-1.32344417581096,0.738483525886078,0.476484665835663,2.56486524134292,-0.355829534053771
"407",-3.32641286406375,0.13184724271046,-0.399029066208124,0.785174609779813,0.0150455567913085,-0.221668509279309,-0.181384521721807
"408",0.620948928239021,0.295675543101506,-2.15574051822671,-0.957727218719754,0.310238361044567,0.478324191423225,0.705745120353579
"409",0.914297258570105,0.893980615236612,-0.635494295622252,1.43105933007229,1.06570636833461,1.38236217495904,0.87547046912681
"410",3.01550351898061,-1.19505533456391,-0.746233836402109,1.17351599142256,2.06687985681124,0.185674091868752,-0.87897305260128
"411",4.41858886425397,0.574896186145089,-2.51845198134851,-0.901031761720432,1.09081375676913,-1.0518352970416,0.234005501795628
"412",2.36425934672616,-1.11782570223052,-0.931857582011357,0.658585905565049,-0.00422738458928852,0.755245188772789,1.48461083100974
"413",0.592444748298927,-1.38633755106302,3.27250191347277,2.3832086981356,-1.47022315637892,0.369384297084103,-1.00578107828589
"414",-2.52221968624079,0.173751340654351,-1.30531604255352,0.56448351235242,0.678127240885985,2.6882257482054,-0.178705259152231
"415",-4.01437395750396,-0.335976354498182,-1.54586768782606,0.825022110199287,-0.106617524496349,-0.201388996882352,0.0580579345276753
"416",0.458010254418092,0.595696558082845,-1.95910591028137,-1.03625682283316,0.145615677516022,0.515513593834533,0.591714244603964
"417",1.21392581369167,0.996452363414108,0.33654998746628,1.70860643610737,0.859953747304792,1.06427402536968,0.657312760789166
"418",2.96649671914829,-1.23648915530369,-1.06871222623128,1.06060997879447,2.17152404005621,0.308417660579635,-0.807831189426632
"419",4.49601393385087,0.699499484185316,-2.00864695254412,-0.689347337584076,0.795722436655719,-1.29319293111587,0.0108517182207312
"420",2.44390803521575,-1.05345024842005,-0.221634709917664,0.768700089794501,-0.00687660237098452,0.609758457058655,1.36977549939026
"421",0.743136869440489,-1.72376524895253,2.54211889607501,2.30819458692665,-1.53893751551747,0.380393669233537,-0.86152792485751
"422",-1.92159938807552,0.0571081861524954,-1.15283651367226,0.298586188241761,0.0665263050080855,2.13618751848831,-0.30407825504953
"423",-2.42238674984921,0.461097796306466,-0.460554400016664,0.582421522938328,-0.266808584242012,-0.170025128931027,-0.357046629012783
"424",0.494599130991409,0.545361747875333,-1.94831936816229,-1.07288821254663,0.241026604902767,0.476346941996541,0.659615673733111
"425",1.17232391854079,0.985992933458171,0.294822081819595,1.69097504838939,0.785838409116331,1.06900240904267,0.608721793764827
"426",2.95177278965637,-1.23806223998842,-0.989262594410508,1.02564613791227,2.21088542494784,0.37329085528938,-0.701772414345068
"427",4.4455112304247,0.693363679361174,-2.13628998009079,-0.602366186137134,0.788679968182904,-1.3656535094858,-0.0670530799800277
"428",2.44542993514881,-1.05546855296818,-0.210573998459989,0.671986710369919,-0.0258573430687605,0.662974346085913,1.42687847442746
"429",0.923810662397522,-1.69395605453732,2.46668234619168,2.14715248904022,-1.50604404443659,0.49050568603276,-0.817156487676173
"430",-2.50350808178149,0.242037207820544,-1.19483642437118,0.617831528190651,0.57767783245407,2.64365286714727,-0.237558177286478
"431",-3.81291833720945,-0.279815144441122,-0.1492096027268,1.11178709612194,-0.196155650929745,-0.552475778912719,-0.0903253270557549
"432",0.496882527870378,0.542398365007205,-2.02435854021712,-1.03512008728447,0.10913792346724,0.491968927033688,0.555587283621756
"433",1.18490393707478,0.985958002264122,0.318316396559951,1.65252079436455,0.800411504586306,1.10045195902842,0.681525916767808
"434",2.95735772282426,-1.20574455003752,-1.05041362326713,1.05488560667806,2.18330051836887,0.313376299908114,-0.698888568764393
"435",4.45885383476234,0.636586585927281,-2.00338881084527,-0.762811336621516,0.932811405644034,-1.20758612708608,0.064086646358031
"436",2.42421884727008,-0.999418454474407,-0.2477711473119,0.725833776899793,-0.153112475124845,0.565832386963216,1.39670790487855
"437",0.750425696474282,-1.78440087854763,2.57850617342008,2.21261086655466,-1.61273446677803,0.500478943546528,-0.813673589012371
"438",-2.51441612000242,0.162934473279486,-1.21618420963172,0.579446160371449,0.617707057320422,2.67672577167364,-0.274758163245745
"439",-3.86576177279682,-0.243507774803596,-0.125203788022888,0.980609901887792,-0.173677622710513,-0.436404864422537,-0.109382572033588
"440",0.459153332353396,0.528339928722418,-1.96073686341882,-0.994457820305993,0.122084372872702,0.592749653377782,0.611011402384217
"441",1.17884559974128,0.96363760036823,0.295617553874404,1.66765745776569,0.831831878035739,1.11142489890862,0.644161275082178
"442",2.97237939235739,-1.24428476228627,-1.00669626073119,1.00537454608474,2.15637957362643,0.353213131436931,-0.695396552771773
"443",4.4716309571193,0.664647575943902,-2.10459126471704,-0.722088530650732,0.84068958222861,-1.32681012031206,-0.0197561859596471
"444",2.43473353825243,-1.06482166826646,-0.282295642218852,0.814519691581988,-0.104631122564296,0.652926767809175,1.33745480263559
"445",0.765907470237851,-1.8177567632893,2.59598805668717,2.27621363037636,-1.52130096831793,0.52727410038246,-0.845373701402386
"446",-2.47882081935562,0.205546827305096,-1.1474921134397,0.59845097931645,0.736312599596685,2.6710274639084,-0.236027812768603
"447",-3.85578819018939,-0.203888299257708,-0.208418817982767,1.07970030110579,-0.193080373467305,-0.536423796403865,-0.162031835576435
"448",0.435890654018766,0.537382017927576,-1.95837946896633,-1.09028110696968,0.234918665807624,0.510807238112527,0.686501224953658
"449",1.19390010045774,0.972547430448989,0.333454233193673,1.63512412431465,0.892538485690572,1.10508474391186,0.666618313834553
"450",2.96398477846997,-1.22695932801801,-1.09252800174848,1.13377634290054,2.13855654046429,0.323768658234745,-0.798237235991412
"451",4.44156925106882,0.637902330726344,-2.09900979530566,-0.662578310177825,0.772508063611763,-1.26046567583015,-0.00148022886501908
"452",2.427856980327,-0.99475939333405,-0.256177801065966,0.793553791606306,-0.149271343240757,0.544449179099349,1.36295959091423
"453",0.762823461136452,-1.7710449178177,2.60599526616907,2.27275252753708,-1.45116042971901,0.435982146783513,-0.816204221129454
"454",-2.4703605595117,0.153245810688191,-1.19923184045124,0.758689739474778,0.639819131152176,2.7154604949641,-0.377883203121881
"455",-3.85684915023878,-0.210696877338813,-0.149734671017261,0.973387002709315,-0.260883734374718,-0.541975659781644,-0.08262676640704
"456",0.485927929184751,0.710002418414289,-2.23956361105777,-0.606994333339945,-0.421558963760017,0.269626565086084,0.234154933004698
"457",1.16269489085032,1.19241174156507,0.0266425333295847,2.10348558716539,0.306019346431071,0.720392624265841,0.280253245230361
"458",2.92476109578414,-0.894152511593738,-1.64003807516924,1.80654078737672,0.9731890408235,-0.229524570719678,-1.50647224437528
"459",4.52186557812244,0.54754217758289,-1.84146915603941,-0.947188726170593,1.26390000840913,-1.06019333970359,0.230607781730852
"460",2.41099740218584,-0.939998435890311,-0.428562152237221,0.965623131133131,-0.398652106773857,0.437709987513583,1.2121049444024
"461",0.748631879998465,-1.7994598088632,2.52584393923907,2.28613089512533,-1.59196215863361,0.459370676773393,-0.829199608362474
"462",-2.48644823559153,0.159664109488005,-1.1893975005095,0.672605835486852,0.663317335447672,2.66883234703999,-0.303808090669459
"463",-3.86619273133413,-0.204168825630049,-0.174078276802271,1.0844354076963,-0.256308977994877,-0.541464814021107,-0.182422977572628
"464",0.444914310307647,0.586358321177338,-2.02272849843246,-0.99600426688387,0.100005002968413,0.476299562532422,0.573252663904895
"465",1.19079116743586,0.945201366949313,0.375285065096326,1.59719508126772,0.950425881835099,1.17404716056872,0.727231053825912
"466",2.99005175831946,-1.22769488297994,-1.09925931024847,1.02335281521013,2.2080104531363,0.248203628067237,-0.761316151977361
"467",4.48930394291611,0.666245161919132,-2.06547809130328,-0.725946785831643,0.78883951211112,-1.29184831236285,0.0124731679023022
"468",2.46253542410686,-1.02356668930652,-0.230972041538183,0.815477324456066,-0.136230365841979,0.633576621414795,1.36329840313627
"469",0.748153048358161,-1.74769971841914,2.57986747686068,2.20749132530631,-1.40430526269169,0.386510696922842,-0.757700251436943
"470",-2.48255519578044,0.201587474235248,-1.17719687561397,0.621503440642073,0.595633631854072,2.67316215837973,-0.264964450461073
"471",-3.83942878106224,-0.252984743960534,-0.080021783290096,0.974862077804278,-0.139685408601116,-0.387665749925207,-0.0638044069077763
"472",0.466811012802892,0.562354725030805,-1.92525604651681,-1.14525657083349,0.114139335717188,0.582978270818985,0.645285600585867
"473",1.20294938692461,0.960905105807324,0.289806660177635,1.66322387411046,0.786832354295651,1.13453794982081,0.624923919694298
"474",2.97282109248055,-1.19462754056239,-1.13822937418585,1.19217628296501,2.06208359564659,0.286843010249689,-0.881925829269175
"475",4.4886933709192,0.700059930730585,-2.12696258161339,-0.57572181157838,0.806797851225688,-1.28619221871492,-0.0647805039953828
"476",2.40501151012469,-1.00871559212294,-0.223024384187717,0.708782524654111,-0.0443455179679037,0.620403426005108,1.45548575562285
"477",0.630240092930992,-1.68253131980079,2.57774552050508,2.27362940004886,-1.66720524963168,0.451383586038094,-0.78859919900553
"478",-2.46395396808427,0.21480810512592,-1.17198734392062,0.571894561717529,0.696947318184604,2.64880214284103,-0.161560412953394
"479",-3.41382193338237,-0.142656330913128,-0.191656079603953,0.849014192916778,-0.43325219264211,-0.273202515494065,-0.138652201503507
"480",0.452706037238058,0.545134577864866,-1.96968148103761,-1.01112112579923,0.117032288319588,0.539200931797301,0.585283657294167
"481",1.14426543580632,1.02431248386863,0.290862070739878,1.67302629600319,0.817226853908476,1.05902193021138,0.699037928500386
"482",2.7624813558328,-1.27108624774838,-0.991835765424175,1.14147093521954,2.20843025589628,0.212876636541241,-0.715279128083346
"483",4.49684902597183,0.589235771087083,-2.05934886508578,-0.612940203985271,0.88595369095779,-1.16719584993256,-0.0686290189506965
"484",2.45270401847892,-1.02063049366327,-0.192706004915305,0.699963971266047,0.0224725696008184,0.61700163578994,1.40512084858079
"485",0.739786525399819,-1.81889900443737,2.60678947241844,2.23647614022339,-1.49022480765005,0.519431655375667,-0.832121630949676
"486",-2.50024395651261,0.141801823206108,-1.21381416678868,0.642520310826549,0.702949702364877,2.67905816077283,-0.233837977194203
"487",-3.87931505383907,-0.204297361579482,-0.172327167767105,1.04684782334738,-0.257512503860746,-0.526432121535691,-0.117077882656312
"488",0.459753988278208,0.543344078955929,-1.9632865721102,-1.02749037201646,0.262950399010777,0.565796216287405,0.637567833621198
"489",1.20549946690262,1.05226912870853,0.316707039110918,1.73169203129299,0.831193261049232,1.00879125291994,0.612905315719959
"490",2.99786868446424,-1.25667714313199,-1.03330844205645,1.06864243459426,2.18027371495855,0.354634481064236,-0.752437821678429
"491",4.48647844995953,0.712793093506192,-2.02611884072906,-0.667821740723303,0.770949483081452,-1.33079890071346,0.012624373203997
"492",2.44623367814434,-1.02900411968126,-0.319132781061226,0.808216221330044,-0.171753586436779,0.549721607745887,1.30648458666066
"493",0.731720409797847,-1.72749614355112,2.63851736901596,2.32363343709834,-1.60577672708184,0.460554619516934,-0.87452411494542
"494",-2.51781340052204,0.220014219179216,-1.14529061730935,0.616765633725151,0.646653043278111,2.61616727532779,-0.170029996138056
"495",-3.84921172918985,-0.245220224829898,-0.173567791809166,1.00733734326526,-0.204314836251052,-0.512814210557218,-0.131022295858833
"496",0.458654216779165,0.62351961297094,-1.97322632119492,-1.06452653496021,0.234048212045754,0.399148402211168,0.763185950002611
"497",1.18324125783092,0.993033969934061,0.303250497945456,1.65054377271557,0.854191281048999,1.08910381837475,0.726840338331864
"498",2.95396869707687,-1.24683552402468,-1.09135613219195,1.06794332152436,2.12517742901507,0.314526496112518,-0.814493331212621
"499",4.50448422747369,0.6781757241051,-2.06551067419157,-0.710033961687121,0.780720054486041,-1.29085243113382,-0.00122842448465449
"500",2.42324015546495,-1.04869507196144,-0.244437095859469,0.786369731363785,-0.221813039450611,0.673423103042749,1.30391441478577
"501",0.763126021895904,-1.75624361622719,2.52231145237139,2.34061651561158,-1.57873976546918,0.400423283835481,-0.885027867083452
"502",-2.45608396892022,0.195424045634244,-1.22516057859523,0.628617281325236,0.617161088275504,2.65958356682963,-0.224441516400951
"503",-3.84604099059303,-0.228852356370818,-0.0937798313825613,0.987861500164517,-0.176425195120249,-0.490328050503969,-0.0806002938360868
"504",0.480208946267901,0.542255143096278,-1.94833725112891,-1.08963802520836,0.172660065843626,0.51978173906525,0.681102772782135
"505",1.15725716975572,0.980531104749909,0.328301650506736,1.64632930094903,0.804633800721604,1.09827894484247,0.633463222750187
"506",2.95607166599472,-1.23251694688793,-1.10269474618314,1.06204363914626,2.13609244998979,0.328733085858977,-0.732421509567088
"507",4.50263610754167,0.711825881891806,-2.10154385106669,-0.578481317220282,0.707138921983328,-1.33177522291527,-0.0538114019505708
"508",2.46269615361809,-0.99872825236279,-0.21442775869461,0.741573076640145,-0.0254691196413023,0.553248389363221,1.36580251535701
"509",0.782643225983098,-1.7796655287235,2.55128049956373,2.25236320994305,-1.52119239226043,0.421408927278201,-0.773318179282356
"510",-2.49410448302572,0.167112080769436,-1.26673330907024,0.64813001854796,0.646534360911582,2.65522936048961,-0.300372568971295
"511",-3.87594863689165,-0.211698492157789,-0.176182806905057,1.04537478275656,-0.248782559054054,-0.51767374441785,-0.169989258712153
"512",0.522652490427523,0.502173058498009,-1.93965286110545,-1.0587385666681,0.26069595746038,0.555170600400011,0.641336676622618
"513",1.18699893801361,0.955099790834608,0.280834086577562,1.75441548274093,0.798239271102881,1.10376382535536,0.51983397566147
"514",2.97197381804831,-1.23252082673651,-1.12588869034836,1.01584040917419,2.14800375075605,0.265322713625519,-0.717854997849304
"515",4.51312623860329,0.686664950511339,-2.13280223767689,-0.726496979069113,0.83823857790521,-1.33995031841729,0.0594956667407648
"516",2.42108459285671,-1.02372198580427,-0.298012934926175,0.846886794255891,-0.0634724254988356,0.616963089608782,1.35218808304273
"517",0.747101587791831,-1.79343296331401,2.61020830973917,2.31464315696098,-1.61545498187582,0.513318051193162,-0.912137984413354
"518",-2.49283225212114,0.221140706121419,-1.19525450360939,0.612128448974384,0.754184116651588,2.62897618288213,-0.196118099640623
"519",-3.86791544146074,-0.225702071352177,-0.121572432332512,1.03083947785408,-0.196206692648186,-0.486203861894248,-0.105761768408202
"520",0.443337479808678,0.547386061080667,-1.97889925498252,-1.04994702634649,0.180417470639905,0.490000198552002,0.635900141910537
"521",1.19433012519817,1.03730654094923,0.242948048824323,1.74141559960119,0.835664206893685,0.998679543769651,0.634266329036174
"522",2.96687748680821,-1.26657286582301,-1.07960075111277,1.05996061557731,2.28379776628759,0.363327027462183,-0.734553278854315
"523",4.47529833736279,0.669026305750452,-2.18798133188773,-0.665246918390316,0.743783102090563,-1.32787864298505,-0.0520472229621822
"524",2.40714051227391,-1.01657047924502,-0.293359405853787,0.793897921244545,-0.142747155509723,0.640063324122486,1.3753059601117
"525",0.925797391522439,-1.71804699992189,2.52118486783298,2.24902460743983,-1.38708775620927,0.539602854279157,-0.865557799752705
"526",-2.59955588416148,0.219559612120077,-0.884962881575061,0.407224725116958,0.716870694441632,2.63230112526105,-0.782956380037466
"527",-3.84852698203835,-0.18632755323058,-0.180438616281693,1.0413618466083,-0.311675999960266,-0.56729900566368,-0.113285749745257
"528",0.539258437647832,0.414779207466642,-1.91007019881553,-0.992075651890336,0.226367158688063,0.555322412294112,0.670505845337482
"529",1.16616989477839,0.916490964833049,0.285575454697523,1.70142013060043,0.869835004454418,1.21134008112136,0.641129181275984
"530",2.68291995274883,-1.00169865338825,-1.19106302844267,1.18512188162441,2.30924203031334,0.524488127852712,-0.788744472451259
"531",4.45749108429878,0.67020767404441,-2.12872263898523,-0.70810114414747,0.884757912683414,-1.28891439157772,-0.0184583232779579
"532",2.43873426172913,-1.00985115796871,-0.320685824254961,0.780345253848668,-0.0991375501096977,0.500488129720733,1.34256914898462
"533",0.716022448500685,-1.81770676488887,2.57521250100429,2.25224530326341,-1.52974771899355,0.532463992673547,-0.862604976614722
"534",-2.49607392086076,0.162071948759677,-1.23902666289535,0.533620966305243,0.68124752526681,2.63127486239232,-0.179885290450495
"535",-3.85011670763963,-0.170371659332002,-0.187221853474519,1.06775896077034,-0.23992214594037,-0.554296451906578,-0.140881238021247
"536",0.440584293718966,0.580087204673566,-1.91521272867737,-1.10881801835247,0.106739925733128,0.475048556890106,0.639922556416454
"537",1.20062440980761,1.00469160367361,0.301460622755485,1.79385536262072,0.750384397286822,1.06879567810678,0.548283313689372
"538",2.69179727982778,-0.998039060560148,-1.19610341985277,1.06066399409742,2.40489096672881,0.475072838944949,-0.729320112570345
"539",4.49545463362963,0.677373149786864,-2.15096387802882,-0.651393190259526,0.840453086865166,-1.29982666463748,-0.0370598137003192
"540",2.45495887307093,-1.00954228126185,-0.166505839901672,0.816603640710628,-0.130728192637449,0.656934670348698,1.35126744111472
"541",0.773390669346582,-1.6996935951869,2.6285368637956,2.20596736103492,-1.49323732210702,0.395371926292724,-0.724112450182679
"542",-2.49171874182699,0.226502910017545,-1.22669617193188,0.667714616667922,0.651720868232568,2.60831042606546,-0.262807145219817
"543",-3.84393655467723,-0.235158355843834,-0.137110790418343,1.06865982469771,-0.25788349519335,-0.441413924354631,-0.155029413379152
"544",0.471103920173089,0.502323376354183,-1.92297661752808,-1.13722882466091,0.342077051397449,0.630108625148542,0.737084623356581
"545",1.18712186967333,0.912294374077624,0.35078735412967,1.63440892426498,0.821484626271353,1.16043608923815,0.643665056317392
"546",2.97223029884895,-1.23683417721475,-1.045747257556,1.13393533092983,2.08374121854998,0.393436055393849,-0.830684431100774
"547",4.51123214002029,0.713134219655616,-2.03565326084001,-0.628640886261431,0.868203546182463,-1.33659213884008,-0.0120688080827835
"548",2.4685123994912,-0.997280293755603,-0.237883158784858,0.82999775872545,0.00289493774399063,0.558090448633375,1.38438720392402
"549",0.637379704789555,-1.68300346061648,2.54043178152111,2.18546653980041,-1.49497983234504,0.372643338182303,-0.772299611331469
"550",-1.68489926308005,-0.214076868281673,-1.09512421865749,0.450768590543181,0.297907478365367,2.0448131391019,-0.227525960753114
"551",-3.89411664002723,-0.318063940576309,-0.161394971814688,1.02082727161358,-0.212002054660859,-0.343156277054014,-0.149258648281432
"552",-0.9450532841998,2.08103785040156,-1.78624336208201,2.49665395908851,-0.355255377629752,-0.258014173510929,0.310566992964082
"553",0.929374379514193,-0.526018632851353,2.29650783368909,1.29309499467366,-1.64913575630769,-0.333822844038108,0.265984476932075
"554",2.46216772329721,1.76454032350723,1.02307771287905,-0.627182859221346,-0.972358440727626,0.281352036353474,0.355450302899571
"555",4.36932739767461,0.131657722007391,0.603729766102546,-0.147631835221027,0.19398900034849,0.0464100292447332,0.120415801386661
"556",-0.0285821620102196,1.85385570533696,1.22291584254317,-1.12709067647335,-0.511187619420149,0.226838711503072,-0.700363916503944
"557",0.385238823424888,2.99710756509931,0.831721562790769,-2.12296263844795,-1.36794857755946,1.58309851528683,1.18569234585202
"558",-1.51119231451554,2.70938306722018,1.13665046954418,0.297886814606513,0.553425312804469,-1.38978213288608,0.948959011528228
"559",-4.37168561431557,5.65781152984196,0.330748737123402,1.87874988001782,0.831182134364331,-0.317897121004142,-1.10013848899142
"560",-1.05362734670227,2.0254253776123,-1.78419729116862,2.48998504541041,-0.369263404383124,-0.253581095278982,0.341338887797057
"561",0.638254557856325,-0.696947054893381,2.62361879062797,1.57455226120554,-1.89927827243434,-0.613845997376561,0.162423894030869
"562",2.82205378094603,1.83567334862732,0.356988648267945,-0.660046637007273,-0.959028869658004,0.520638656328176,0.430162416466971
"563",4.41117570740597,0.137743377428219,0.854234157127939,-0.136159122494384,0.136792698602541,0.0270829500552758,0.08104103090357
"564",-0.0373288860286131,1.77710540312602,0.842528395445951,-1.20609480894134,-0.387162322019187,0.345361287850664,-0.629063071987284
"565",0.533616104746525,3.03071300086804,2.21668624646311,-2.91396341280737,-1.40948893496134,0.770426368416543,-0.196959963107775
"566",-1.74111768299925,2.62917439181503,1.23480764084507,0.345045107673227,0.519259632280746,-1.50330685903731,0.977135962574407
"567",-4.42094477898604,5.58245907126112,-0.00623920679501871,1.75028817380725,1.05409883280374,-0.167879418862025,-0.957143545810837
"568",-0.541524458782187,2.20175335527699,-1.93839689683355,2.42129806743381,-0.371356895667942,-0.182545957073317,0.164984252195874
"569",0.935396022883759,-0.434495841997179,2.26869318387475,1.44053774348401,-1.48195628212366,-0.123955778017626,0.182472843746429
"570",2.10876174557357,1.39530064300665,1.10356968376701,-0.530467055253274,-1.15921568668694,0.0245277093106494,0.523015941513404
"571",4.268552009578,0.122259620455576,0.639944861591237,-0.0691320025942807,0.186955604689702,-0.011847943910793,0.161755324307951
"572",-0.0756014215042647,1.88631374902635,1.19079135272647,-1.04833397348415,-0.6365566845954,0.15796369004294,-0.757034124600554
"573",0.403831210703297,3.0456958021831,2.15259223073681,-2.83590096138453,-1.46150406578247,0.736291868480786,-0.13989002843656
"574",-1.73125234230645,2.63965797788294,1.27473778629718,0.332545171654918,0.571496424701002,-1.45644654789864,1.02958900114031
"575",-4.35227410958761,5.66167671512535,0.382549656574744,1.87154969007148,0.869262185087027,-0.307852644123973,-1.07668090399318
"576",-0.686027451288298,1.66395333537588,-1.5897088057546,2.36810001268237,-0.410108324629384,-0.471845235725667,0.360318644871998
"577",0.61745231429821,-0.74902239735009,2.37143107157508,1.44843172372386,-1.80231193896832,-0.511620585206907,0.231578809296887
"578",2.87512864826267,1.87634178187092,0.778660113470214,-0.64964781608307,-0.974880237098834,0.451482016468317,0.307161338248543
"579",4.3558423048972,0.147654635037391,0.660704946533532,-0.187552037040998,0.204506887115371,0.0718491436325665,0.168713671206286
"580",-0.034119332618894,1.86220731733561,1.23195043819519,-1.16001262159755,-0.585749957180634,0.231928433644828,-0.690310295392855
"581",0.526884653354205,3.05207383513007,2.01626038436366,-2.8607761821538,-1.40725206551101,0.781403291065536,-0.210518926202791
"582",-1.72378614379926,2.64123323728472,1.18979771295122,0.380448010764298,0.354784978830104,-1.51082014814367,0.951437311174362
"583",-4.37486609970821,5.63124055114347,0.356501359363099,1.87764283939029,0.782034195241969,-0.270687690784296,-1.10216720014676
"584",-1.03430333629405,2.01866835161235,-1.75283581355247,2.53028483842183,-0.347229754479103,-0.288715115577092,0.372686650703334
"585",0.6471641055319,-0.68956707258226,2.47231693912942,1.35162426375768,-1.7440453138211,-0.51482862472804,0.380951621617299
"586",2.87943709055499,1.92330093162717,0.712529059980142,-0.559184819450775,-0.993341075953325,0.346379609399607,0.263351932993076
"587",4.35682968744176,0.0879365872507881,0.608624434748811,-0.19295186546066,0.205763413944519,0.104516391390258,0.176374302646453
"588",-0.0682841157604086,1.81321984212896,1.28307965158752,-1.12054577202353,-0.546006953170607,0.330791514903906,-0.736780219073413
"589",0.522436733524979,2.99578481413793,2.12217279338891,-2.9219839030279,-1.37518894067824,0.827513375638681,-0.168912226975138
"590",-1.69007015401715,2.64083224405487,1.21866544798279,0.37108983493907,0.465776820159806,-1.49578881580542,0.974615032415948
"591",-4.37291072072075,5.64283705945553,0.270968032245965,1.88570678962075,0.864253398469247,-0.338884539418633,-1.0936150374299
"592",-1.03139880978416,2.02479141598238,-1.76546612806264,2.51459509708083,-0.381128595245625,-0.347149822818431,0.352249213847163
"593",0.625478890149369,-0.731174698091205,2.50009846213239,1.41247370191062,-1.78574757597611,-0.444093732390754,0.266556131544677
"594",2.86615858811772,1.847222862387,0.752860445934402,-0.666289057612864,-0.898563189777168,0.481037680109887,0.324763325776367
"595",4.34068841134876,0.071636980826122,0.628259357362365,-0.20907889189821,0.177622757066039,0.12231382907499,0.121222564108926
"596",-0.0273112627710756,1.86147571556502,1.26830740494425,-1.15431570171086,-0.469465259069251,0.213449442330611,-0.651996879455513
"597",0.540073997844316,3.02778624420548,2.11631965071437,-2.86457987441421,-1.31133773564132,0.800599290696702,-0.176523051054309
"598",-1.73005896765263,2.675195880605,1.20868934073579,0.368889358521385,0.446823660707773,-1.52621800249875,0.994438113771451
"599",-3.97951158582694,5.6647860886248,0.252440496881211,1.75341063773673,0.710134142028317,-0.302557286975937,-1.36696598848062
"600",-1.02125959723878,2.00860788349249,-1.72077911301455,2.52948439063874,-0.410036746796176,-0.302431863458181,0.281506521150144
"601",0.614103701754149,-0.685927540413671,2.3873806737078,1.45294632169682,-1.84947066089699,-0.532927685406158,0.212326441941304
"602",2.87297900767406,1.89733789565549,0.702817461088324,-0.605080036690136,-1.00057424638688,0.377233333232098,0.282655029858293
"603",4.33964265173787,0.0740386565059493,0.610403668655152,-0.279821354750282,0.340271310709313,0.096656138658337,0.209347897074307
"604",-0.0952505644546609,1.76221215862628,1.08825443281023,-1.19052116315275,-0.542187995528922,0.186036709650853,-0.875099734670976
"605",0.36786783229088,2.68128439977424,1.8202538634864,-3.13182658675408,-1.3769433222628,0.781259172506535,-0.594163056395578
"606",-1.72067800505263,2.63487006269279,1.21223370141391,0.293627010206395,0.516815855650668,-1.49721391658234,1.04576340006035
"607",-4.63253186806721,5.24975959513564,-0.0783729472337048,1.47574977973276,0.810164262771088,-0.398212731085979,-1.54156341456615
"608",-1.01036743961462,1.97595637954833,-1.71535291847643,2.52451137396291,-0.316293822576302,-0.212580384432747,0.322138972616683
"609",0.645547747844808,-0.744498171840919,2.48598618088468,1.48208193610241,-1.78838276441043,-0.414580308922732,0.24231977119932
"610",2.8647816383836,1.87769109768086,0.785948816345882,-0.659106536259399,-0.971668586086355,0.454524670213783,0.334545137179851
"611",4.40010713578323,0.120922101421526,0.580773130697128,-0.152972841350797,0.184090880907769,0.0255418440685383,0.124789191672709
"612",-0.0305175722140325,1.87469698209642,1.22769737966129,-1.08365982275573,-0.582203293082055,0.216837115047899,-0.730800203119885
"613",0.512149832859653,3.04846312637987,2.04170722081906,-2.82719585350488,-1.42560071824735,0.793690428497809,-0.187324699508591
"614",-1.72917267377672,2.62988801830981,1.21961209502241,0.313843411838366,0.430475143952978,-1.4452730329942,0.973662873135422
"615",-4.37956251815415,5.65569676501452,0.32229239694396,1.88269955242363,0.842134791472304,-0.340287051928638,-1.11152434913787
"616",-1.03430465467433,2.03084109096238,-1.7217781929121,2.51442556500572,-0.387725163582886,-0.349509046463964,0.32533752766623
"617",0.643998338206654,-0.674205423345085,2.39989853731247,1.41547357049455,-1.78672081022421,-0.5663818913258,0.313819661497733
"618",2.87225860225439,1.90182329118481,0.828824024084525,-0.621922123509409,-0.951113006749501,0.475683467085792,0.302555113494549
"619",4.35254128178545,0.132602596728937,0.602462579419122,-0.0761910734665621,0.225901096524547,0.0686204852039013,0.075129494102312
"620",-0.00695828498046465,1.85544706947421,1.25664412402242,-1.1277031846475,-0.442153310814311,0.268550293376167,-0.721835496871229
"621",0.564019770253372,3.04973569693148,2.11984765034285,-2.85566791327621,-1.48164268232736,0.824547159241507,-0.187536710913525
"622",-1.71844970668376,2.65475625176409,1.26529553140858,0.289594125882775,0.540815618523829,-1.50360672619821,1.05987504901366
"623",-4.373698054945,5.64619809505588,0.372875165269584,1.88373451672843,0.9909414518239,-0.260946684901119,-1.09783897254728
"624",-1.01616177413152,2.04300045706509,-1.75154097274738,2.61394647521643,-0.367542306494577,-0.320850688578716,0.284048819404975
"625",0.633610868075533,-0.732175552958063,2.46391793157568,1.4627938161703,-1.87582782362282,-0.452326102254648,0.227380481843736
"626",2.87932703577708,1.85552878455501,0.789480506788808,-0.62576711222001,-0.921156326352005,0.508251816319146,0.2826909440951
"627",4.31891318373367,0.117173686669183,0.594980396513162,-0.118244732058296,0.156968158779356,0.0733574145185564,0.123006238581304
"628",-0.0295318743739015,1.89271208232367,1.21317076715886,-1.09300985920202,-0.623191420691215,0.143638599626539,-0.757323227269519
"629",0.523295271770403,3.01447767062143,2.10433352424916,-2.90008114637442,-1.24445928165551,0.822584423735578,-0.100686942569064
"630",-1.75225549089843,2.66047289619679,1.23005328185906,0.268365655124218,0.594315956922872,-1.53394735802539,1.10476362931813
"631",-4.37272059100807,5.70816368948894,0.288986121052162,1.93867780366661,0.838961201515226,-0.395311948185145,-1.18085880963435
"632",-1.02083516214471,2.03135959690569,-1.74142191586607,2.52660606852726,-0.456345353771482,-0.308481950148948,0.305626397612437
"633",0.639392160196829,-0.784621123245006,2.39007722778429,1.36800321482012,-1.74603234003257,-0.438792868037342,0.319785670656094
"634",2.84429133173195,1.88987443378888,0.723183100281932,-0.631510941677127,-0.995914954707835,0.448517733135925,0.289213061147553
"635",4.33860449126311,0.0795769349495658,0.617780653455854,-0.0994482486521342,0.167746287668936,0.0930372599398658,0.0214928626989318
"636",-0.348047669680091,2.00243229769647,1.23502718601061,-1.189727274687,-0.634509424644318,0.230336405542162,-0.653042008199695
"637",0.556878760161046,3.02721292800567,2.16300937453071,-2.83378518102488,-1.33788793142827,0.905193400153717,-0.215900593155952
"638",-1.49246187998886,2.69576500264421,1.21917499151811,0.312704491472882,0.378884478773481,-1.37866215029714,0.954693056795279
"639",-4.39467963166377,5.67237894189067,0.331545138881321,1.85373031062696,0.838052356214787,-0.324960290431088,-1.05738288569209
"640",-0.937434310033737,2.06890259774277,-1.82099807576996,2.58597122177729,-0.540673878504781,-0.421440250258013,0.244053024073841
"641",0.633701522530593,-0.720776460581238,2.43246170367886,1.41956622094314,-1.7798847710086,-0.485190344139624,0.301415070380945
"642",2.87875950235044,1.82936484406025,0.783425009097946,-0.634483824242575,-0.981111835776136,0.512948876574899,0.249415179339784
"643",4.40021742753996,0.122584111144029,0.617317108124254,-0.0662156239673967,0.188933995283243,0.102905933154027,0.027926909384818
"644",0.0960514186418189,1.89240941997628,1.22297880553308,-1.18547878504862,-0.644974317734508,0.0784332216158179,-0.757169887126577
"645",0.553910639006295,3.04792758347798,2.03241118248363,-2.93006592363949,-1.43773544570496,0.764893918789,-0.153687877528268
"646",-1.72465469107574,2.63724013636441,1.26335911566188,0.362421191924341,0.474036462341897,-1.44445921469655,1.00167122788932
"647",-4.36041783334829,5.70288774953487,0.355826214975765,1.87386212965542,0.783957253005887,-0.341381455185748,-1.09049832210438
"648",-1.01656329748206,2.03966159101974,-1.77927759747194,2.44072033861731,-0.424645942116005,-0.368007383189546,0.353203708428228
"649",0.641031980500773,-0.747674227771638,2.36251474185895,1.52738433267204,-1.82438645197096,-0.430891095345376,0.185263873505487
"650",2.8609130914065,1.8783912781224,0.809491919274268,-0.632649318351215,-0.978552981719399,0.475048505074586,0.356878736272193
"651",4.36836082587807,0.163500610651608,0.554787789450485,-0.179017412493092,0.172831000884663,-0.0315239935435923,0.176209644127856
"652",-0.0702679327615388,1.82648634839032,1.23274326305572,-1.18508848119953,-0.506010706821304,0.303521108523623,-0.623250328036247
"653",0.43568446406181,3.13475978953821,1.97719410217157,-2.75835108900424,-1.38948440382163,0.796442389931081,-0.248935975056942
"654",-1.74111072035129,2.64301020796413,1.25436283135957,0.356371475277299,0.493650122566796,-1.50019886416663,1.01743984758003
"655",-3.33328979232225,4.65739622449437,0.795213700797592,1.58851709483861,0.40181983194526,-0.781118921415279,-1.02392064380405
"656",-1.01578431552372,2.01519425547159,-1.71715496427845,2.438227125625,-0.289916108044159,-0.31698610603451,0.436634475983372
"657",0.652154932628561,-0.818781840671792,2.62776234614124,1.12269567376705,-1.34763183315954,-0.327134982971472,0.597454544142106
"658",2.85680722516259,1.87756625043472,0.773448384917816,-0.709663407290222,-0.921309712540094,0.45142537846374,0.395921644962079
"659",4.3380415862627,0.0767783905328568,0.624848643677035,-0.197265056592292,0.191834380459123,0.0729788131008786,0.0949784382997114
"660",0.128974671385992,1.60050170635166,0.604519286229242,-0.485373918753554,-0.988488343429132,0.638420464685256,0.199089089718778
"661",0.564174609226072,3.04188727339115,2.11091914138939,-2.84970465417574,-1.45903507399504,0.83963576915319,-0.207070259626157
"662",-1.71226128784219,2.63102091423786,1.21042956893798,0.466322685947707,0.493043934430681,-1.44910035105284,0.939552009292578
"663",-4.38135070022312,5.65711058597319,0.244895351031122,1.8652133813039,0.874147262023485,-0.393904779217934,-1.11960176999859
"664",-1.02285858582131,2.03566667551202,-1.79840961782916,2.55851767933666,-0.424939762601609,-0.35249419278579,0.331102019601354
"665",0.639707272605138,-0.695954443720259,2.41860109953073,1.50755252668721,-1.87715038486319,-0.485472907022839,0.20160795921287
"666",2.45305649849863,1.90687857064148,0.75904594725937,-0.376131510392288,-0.693872664698328,0.745357328163259,0.357740431722707
"667",4.38950486850393,0.107082083432474,0.611193699789871,-0.171822121246898,0.222900798117676,0.0365529442919412,0.111134591781766
"668",-0.0142429269279042,1.86023267999779,1.28044541987473,-1.16587211240637,-0.443374003782535,0.28890795580863,-0.667167632565845
"669",0.513541631205374,3.0186517807441,2.17459286100357,-2.94115594854622,-1.27719077152571,0.862341656209404,-0.117839011463601
"670",-1.72458313882654,2.64142454684637,1.24072057025754,0.341205997449418,0.588424204333519,-1.41518814727245,1.06213645455586
"671",-4.40430834923428,5.67312812582713,0.293381389635052,1.90838415243629,0.777831634467316,-0.351450281436671,-1.1501163315012
"672",-1.04225817075641,2.10140092046739,-1.77300617433028,2.62323139177956,-0.476474538106274,-0.352780568264353,0.284290742993282
"673",0.642079252748074,-0.777086720267114,2.36401714880358,1.40421764654036,-1.78454339453718,-0.415422295022809,0.317807315125776
"674",2.40830051573576,1.77376945379466,0.727229711306292,-0.453976412934219,-0.907244742131563,0.234702660202075,0.358135404827902
"675",4.35819283188306,0.143854787366761,0.582653617383189,-0.191439827925877,0.207732880095545,-0.00838584337362974,0.108455527097504
"676",-0.035172092957562,1.86935685300149,1.33165920389342,-1.11699623109359,-0.425626698298489,0.25727972491563,-0.658694344906041
"677",0.51010975903335,2.99094725324327,2.18047297204423,-2.87546358994717,-1.37736027710192,0.900183298773567,-0.226903741793204
"678",-1.65723640435801,2.78966028628069,1.2076128211115,0.339020631373043,0.55200945277798,-1.52334791227723,1.03530555429013
"679",-4.35680403512338,5.68792124450801,0.396667738494361,2.01682292997197,0.714538066420166,-0.342298618468193,-1.18550232244442
"680",-1.03459893818511,1.98550794084098,-1.62193480514769,2.51514352265714,-0.366879447092921,-0.178548339711113,0.312212632046328
"681",0.655103488162685,-0.737137938544849,2.41930335296066,1.50664792860255,-1.83206880093789,-0.420909508366861,0.245733738004693
"682",2.85963188352423,1.85870825415127,0.802013416752179,-0.647004036155883,-0.997619958317203,0.513597745198837,0.3795972848543
"683",4.34978133896414,0.108163981431292,0.495292594256874,-0.113849473265314,0.127446059947071,-0.0162291171653608,0.0312128880886631
"684",-0.0420532681819511,1.81994472291036,1.22446028777519,-1.07099440424289,-0.416755875620892,0.25479182156832,-0.748203123403285
"685",0.534265244181996,3.07375869203533,2.08165082819229,-2.87281394685251,-1.38778495031353,0.726336440503185,-0.193292919491318
"686",-1.69189309566085,2.62584384469822,1.21203536089335,0.408268403457964,0.544533549995108,-1.43909382917291,0.966154646894621
"687",-4.39005076790155,5.68677653615384,0.372346049430101,1.815375297828,0.887024761098679,-0.37037722706257,-1.00239433116746
"688",-1.04273497592372,2.06750676875484,-1.83304128273152,2.55090660446384,-0.407499706031345,-0.422467705576969,0.297995742389643
"689",0.646300598243176,-0.655845331009458,2.51363787938607,1.34745490170524,-1.75626647880527,-0.55914794942977,0.426959443479523
"690",2.89164694241402,1.91478151787386,0.82559153105303,-0.648150386298056,-0.915733037215092,0.450383088071858,0.390659318810337
"691",4.36760273523367,0.119466184333927,0.593138318444821,-0.112630268045098,0.143925428818435,0.115341818681071,0.0654235218383103
"692",-0.0165145181830605,1.81551737740224,1.24691522801662,-1.12865540051445,-0.490095266379994,0.324209790761158,-0.703944351982335
"693",0.523118481001097,3.06657025546924,2.06356771293264,-2.90987744723648,-1.41909420668212,0.746662007322836,-0.150924328891786
"694",-1.71307052149212,2.63765469135288,1.18054116035699,0.322264441198139,0.604344384526981,-1.5312264083747,1.04654502898458
"695",-4.36288851960349,5.69631650885896,0.290241539540362,1.95660150951821,0.758005862871001,-0.283152548218638,-1.10499611376628
"696",-1.02532154358033,2.0178319291359,-1.72116859858273,2.61011069919981,-0.328948379676557,-0.246997730691823,0.283065551991098
"697",0.637010589859122,-0.770766833975166,2.43591886695134,1.40409766520264,-1.81017328539787,-0.42035914652415,0.252755928697405
"698",2.57519264107992,1.8239926182698,0.834343101170829,-0.511520492982465,-0.881698550364313,0.482107189413204,0.448289374542695
"699",4.34074174374509,0.0652043726734377,0.57143156251242,-0.163233750275707,0.186923387758566,0.118905667650085,0.0946761767753927
"700",-0.0297824207833212,1.84115649974826,1.2340611855542,-1.13655283936411,-0.534719661811624,0.252896794142551,-0.720110865950996
"701",0.518019978355088,3.02010411211851,2.07137721663571,-2.97807123334616,-1.40315888763777,0.824519054147603,-0.104936355781644
"702",-1.73342066761867,2.67542398720821,1.22657847380456,0.379541741615739,0.457309305495021,-1.51167165066389,1.01718593585511
"703",-4.3518289551965,5.70144872900021,0.311800661776188,1.89711212295609,0.851449135608634,-0.389537121251022,-1.08205219433252
